fecha,itcrm
1997-01-01,86.3480011442799
1997-01-02,86.3331019256848
1997-01-03,86.0561246415282
1997-01-04,86.06220422379025
1997-01-05,86.0682842355548
1997-01-06,85.94068614060727
1997-01-07,86.02457597043133
1997-01-08,85.85939012744062
1997-01-09,85.81074897923877
1997-01-10,85.69445264821302
1997-01-11,85.70050667953785
1997-01-12,85.70656113856012
1997-01-13,85.59443617139908
1997-01-14,85.51689261073497
1997-01-15,85.57790145214078
1997-01-16,85.53970345750642
1997-01-17,85.22271436336618
1997-01-18,85.22873506793222
1997-01-19,85.23475619784126
1997-01-20,85.02233476847893
1997-01-21,85.06093183796226
1997-01-22,84.7720006746724
1997-01-23,84.70700835619851
1997-01-24,84.9223555946705
1997-01-25,84.9283550798771
1997-01-26,84.9343549889276
1997-01-27,84.77533231253818
1997-01-28,84.46829443256574
1997-01-29,84.54793069156442
1997-01-30,84.61684151916047
1997-01-31,84.6180944257035
1997-02-01,84.62134254136451
1997-02-02,84.62459078170636
1997-02-03,84.53593773237351
1997-02-04,84.53990075469994
1997-02-05,84.44503740744321
1997-02-06,84.44019596373042
1997-02-07,84.09987293552508
1997-02-08,84.10310115894733
1997-02-09,84.10632950628684
1997-02-10,84.36588070780748
1997-02-11,84.16607110057431
1997-02-12,83.97742175708072
1997-02-13,83.83812549173086
1997-02-14,83.8325430643772
1997-02-15,83.83576102618403
1997-02-16,83.83897911151423
1997-02-17,83.64292539870316
1997-02-18,83.6921579492929
1997-02-19,83.64055243100303
1997-02-20,83.77602689896622
1997-02-21,83.8658817730938
1997-02-22,83.86910101462671
1997-02-23,83.8723203797321
1997-02-24,84.11721447795003
1997-02-25,84.00796201623282
1997-02-26,83.7907776716208
1997-02-27,83.78989424682268
1997-02-28,83.73302492923787
1997-03-01,83.75447627723295
1997-03-02,83.7759331207936
1997-03-03,83.67468873514923
1997-03-04,83.46948408408305
1997-03-05,83.42484241298732
1997-03-06,83.36760789681531
1997-03-07,83.37191451959788
1997-03-08,83.39333853612979
1997-03-09,83.4147680579747
1997-03-10,83.65200434932804
1997-03-11,83.6155296163822
1997-03-12,83.6611273248235
1997-03-13,83.66614722001823
1997-03-14,83.69795800987578
1997-03-15,83.71946580955174
1997-03-16,83.74097913607041
1997-03-17,83.73715060149513
1997-03-18,83.91247257600195
1997-03-19,83.92411551636971
1997-03-20,83.83070362782918
1997-03-21,83.90418498705323
1997-03-22,83.92574578071638
1997-03-23,83.94731211484005
1997-03-24,83.91101618612286
1997-03-25,83.89005911862246
1997-03-26,83.92940206472178
1997-03-27,84.23707506944112
1997-03-28,84.27484737373425
1997-03-29,84.29650341622482
1997-03-30,84.31816502365196
1997-03-31,84.41372983071935
1997-04-01,84.46888725108631
1997-04-02,84.49074676619307
1997-04-03,84.57241781253605
1997-04-04,84.45232570535161
1997-04-05,84.47270378441594
1997-04-06,84.49308678064628
1997-04-07,83.9875937783759
1997-04-08,83.97170491911946
1997-04-09,83.84505248622415
1997-04-10,83.87927831759397
1997-04-11,83.81056385474281
1997-04-12,83.83078707870253
1997-04-13,83.85101518246223
1997-04-14,83.88594546509675
1997-04-15,83.75176541551625
1997-04-16,83.82058854267692
1997-04-17,83.8772400570796
1997-04-18,84.01976354075757
1997-04-19,84.04003724393979
1997-04-20,84.06031583910249
1997-04-21,84.22767951695498
1997-04-22,84.0847805700578
1997-04-23,84.0755713555454
1997-04-24,84.04988549661647
1997-04-25,83.94589704202653
1997-04-26,83.96615292145627
1997-04-27,83.98641368856565
1997-04-28,83.95150073635877
1997-04-29,83.99495750709667
1997-04-30,83.89582097373872
1997-05-01,84.08610537147777
1997-05-02,83.95426209115885
1997-05-03,83.9641346717583
1997-05-04,83.97400841332139
1997-05-05,83.93947849583971
1997-05-06,84.11106244941399
1997-05-07,84.17703595926166
1997-05-08,84.3476229811505
1997-05-09,84.56766491829046
1997-05-10,84.57760963184302
1997-05-11,84.58755551484167
1997-05-12,84.53332778742137
1997-05-13,84.59413296096602
1997-05-14,84.59468767016807
1997-05-15,84.67277215291908
1997-05-16,84.78170648788178
1997-05-17,84.79167637159952
1997-05-18,84.80164742772328
1997-05-19,84.63206529305589
1997-05-20,84.84598799347563
1997-05-21,84.8333988422173
1997-05-22,84.79468903391916
1997-05-23,84.80063625556373
1997-05-24,84.8106083653228
1997-05-25,84.82058164774965
1997-05-26,84.78313666364127
1997-05-27,84.58100191845747
1997-05-28,84.64256333106441
1997-05-29,84.60774412378768
1997-05-30,84.54803350070787
1997-05-31,84.55797590570873
1997-06-01,84.56037200105992
1997-06-02,84.32392565697751
1997-06-03,84.33065809469399
1997-06-04,84.24292426120985
1997-06-05,84.24367473051511
1997-06-06,84.21684251648703
1997-06-07,84.21922894523824
1997-06-08,84.22161544161297
1997-06-09,84.54922644584157
1997-06-10,84.43838471726181
1997-06-11,84.51107212347128
1997-06-12,84.34602050897504
1997-06-13,84.13812035596624
1997-06-14,84.14050455398993
1997-06-15,84.14288881957397
1997-06-16,84.31623350257544
1997-06-17,84.25159955099362
1997-06-18,84.33284991725041
1997-06-19,84.36069260997758
1997-06-20,84.18500728413727
1997-06-21,84.18739281078254
1997-06-22,84.18977840502579
1997-06-23,84.34588369787707
1997-06-24,84.35511624544061
1997-06-25,84.38806598281408
1997-06-26,84.32482200557968
1997-06-27,84.2441053723509
1997-06-28,84.2464925736419
1997-06-29,84.24887984257836
1997-06-30,84.12860267567105
1997-07-01,84.15505195833049
1997-07-02,83.99219848911653
1997-07-03,84.07109504233185
1997-07-04,83.98825623982272
1997-07-05,83.98772771238292
1997-07-06,83.98719918826907
1997-07-07,84.14081143184926
1997-07-08,83.9310447104134
1997-07-09,83.83365988653792
1997-07-10,83.97946037517242
1997-07-11,83.76213622977183
1997-07-12,83.76160912527656
1997-07-13,83.7610820240983
1997-07-14,83.44242425822658
1997-07-15,83.25038289362602
1997-07-16,83.24651646096508
1997-07-17,83.32434200927466
1997-07-18,83.32589988316921
1997-07-19,83.32537552385394
1997-07-20,83.32485116783836
1997-07-21,83.26672218967967
1997-07-22,83.06897325659617
1997-07-23,82.85640896689482
1997-07-24,82.79930321431327
1997-07-25,82.67906235269422
1997-07-26,82.67854206384543
1997-07-27,82.67802177827078
1997-07-28,82.51523114818745
1997-07-29,82.6699414209648
1997-07-30,82.57372413564103
1997-07-31,82.55905968955453
1997-08-01,82.29628213630706
1997-08-02,82.29728592429377
1997-08-03,82.29828972452398
1997-08-04,82.18403982138275
1997-08-05,81.96023632918572
1997-08-06,81.9855600810992
1997-08-07,81.98633909594112
1997-08-08,82.28790194209519
1997-08-09,82.28890562786664
1997-08-10,82.28990932588027
1997-08-11,82.2960266852445
1997-08-12,82.15830022970995
1997-08-13,82.55421487719566
1997-08-14,82.32537892224404
1997-08-15,82.70590588015018
1997-08-16,82.70691466441843
1997-08-17,82.70792346099107
1997-08-18,82.61775489679809
1997-08-19,82.40231335293271
1997-08-20,82.14502711013037
1997-08-21,82.3249694290472
1997-08-22,82.58129946896456
1997-08-23,82.58230673337775
1997-08-24,82.58331401007682
1997-08-25,82.52373892251288
1997-08-26,82.78194251617191
1997-08-27,82.66300825320239
1997-08-28,82.87955563590378
1997-08-29,82.77847599018318
1997-08-30,82.77948565960693
1997-08-31,82.78049534134583
1997-09-01,82.63987079060001
1997-09-02,82.32901305739372
1997-09-03,82.49793962770734
1997-09-04,82.51540795865078
1997-09-05,82.64038976750975
1997-09-06,82.64654354153933
1997-09-07,82.65269777380651
1997-09-08,82.66383258341585
1997-09-09,82.73438280662378
1997-09-10,82.8277053430811
1997-09-11,82.9438834898639
1997-09-12,83.22415339103054
1997-09-13,83.23035063471742
1997-09-14,83.23654833987891
1997-09-15,83.35451610216546
1997-09-16,83.2625127105662
1997-09-17,83.26451542323153
1997-09-18,83.22169371967614
1997-09-19,83.22618386426744
1997-09-20,83.23238125915249
1997-09-21,83.23857911552336
1997-09-22,82.92216629294398
1997-09-23,82.91164948936353
1997-09-24,83.23887326604134
1997-09-25,83.31113675390064
1997-09-26,83.30314699271929
1997-09-27,83.30935011862405
1997-09-28,83.31555370644136
1997-09-29,83.39807904784287
1997-09-30,83.34041971438685
1997-10-01,83.1903437713268
1997-10-02,83.30950565850279
1997-10-03,83.35158860632549
1997-10-04,83.35985513581127
1997-10-05,83.36812248514357
1997-10-06,83.36873052178613
1997-10-07,83.48647527478767
1997-10-08,83.52155110299842
1997-10-09,83.69926420402277
1997-10-10,83.56268442557855
1997-10-11,83.57097189083585
1997-10-12,83.57926017801599
1997-10-13,83.58437873817023
1997-10-14,83.52579625201373
1997-10-15,83.59369733906715
1997-10-16,83.70928421675795
1997-10-17,83.38740468398213
1997-10-18,83.3956747655857
1997-10-19,83.40394566738809
1997-10-20,83.37604012691122
1997-10-21,83.24179531107423
1997-10-22,83.2666244197627
1997-10-23,83.32392174532487
1997-10-24,83.27742756409091
1997-10-25,83.28568673853462
1997-10-26,83.29394673209539
1997-10-27,83.4032376668143
1997-10-28,83.80739777906594
1997-10-29,83.742307292038
1997-10-30,83.79677663982204
1997-10-31,83.88971561885711
1997-11-01,83.89951593390693
1997-11-02,83.90931739386677
1997-11-03,83.78311374148514
1997-11-04,83.93781507145258
1997-11-05,83.9197419285291
1997-11-06,83.82604624614521
1997-11-07,83.98328004243972
1997-11-08,83.99309128804072
1997-11-09,84.00290367982865
1997-11-10,84.00956217161385
1997-11-11,84.02911690178733
1997-11-12,83.78367950444999
1997-11-13,83.74958219943429
1997-11-14,83.6107981042824
1997-11-15,83.62056583512928
1997-11-16,83.63033470707961
1997-11-17,83.70077212810803
1997-11-18,83.78267313808459
1997-11-19,83.60857956133938
1997-11-20,83.65750431192231
1997-11-21,83.42145706945105
1997-11-22,83.4312026807595
1997-11-23,83.44094943058722
1997-11-24,83.61062645303036
1997-11-25,83.48742190931515
1997-11-26,83.27635316036303
1997-11-27,83.22978578657062
1997-11-28,83.24799863599769
1997-11-29,83.25772398323339
1997-11-30,83.2674504666211
1997-12-01,82.97813083184464
1997-12-02,83.02849114916586
1997-12-03,83.11168677864042
1997-12-04,83.05755001118831
1997-12-05,82.8840395266377
1997-12-06,82.88736529261854
1997-12-07,82.89069119204753
1997-12-08,82.89401722493
1997-12-09,82.68291315361465
1997-12-10,82.83942460398254
1997-12-11,82.94175524960178
1997-12-12,82.93020360727365
1997-12-13,82.93353122561268
1997-12-14,82.93685897747416
1997-12-15,82.92944408251569
1997-12-16,82.72462374326145
1997-12-17,82.98252416034522
1997-12-18,82.99705212596025
1997-12-19,82.99883385339022
1997-12-20,83.00216422555422
1997-12-21,83.00549473135119
1997-12-22,82.84261164580134
1997-12-23,82.90528816135462
1997-12-24,82.91082690797754
1997-12-25,82.91415374881625
1997-12-26,82.9178688948853
1997-12-27,82.92119601828747
1997-12-28,82.92452327519226
1997-12-29,82.78346088638075
1997-12-30,82.67144578286037
1997-12-31,82.67476301840466
1998-01-01,82.66995300442265
1998-01-02,82.4510499120994
1998-01-03,82.4462529137358
1998-01-04,82.44145619446137
1998-01-05,82.15870817138273
1998-01-06,82.08645455556346
1998-01-07,82.07460178892461
1998-01-08,82.14344313591118
1998-01-09,82.12223819849534
1998-01-10,82.11746033038241
1998-01-11,82.11268274024567
1998-01-12,81.76039678476023
1998-01-13,81.7492914836556
1998-01-14,81.7265295300993
1998-01-15,81.64575662608019
1998-01-16,81.70773752390899
1998-01-17,81.70298377142662
1998-01-18,81.69823029551738
1998-01-19,81.60709896107105
1998-01-20,81.60235106373571
1998-01-21,81.59760344263283
1998-01-22,81.59285609774636
1998-01-23,81.5881090290602
1998-01-24,81.58336223655826
1998-01-25,81.5786157202245
1998-01-26,81.57386948004284
1998-01-27,82.15795081485938
1998-01-28,82.15317086898804
1998-01-29,82.14839120121378
1998-01-30,82.14361181152034
1998-01-31,82.13883269989158
1998-02-01,82.22920671975497
1998-02-02,81.80375745250068
1998-02-03,81.82030052597533
1998-02-04,82.0160402881051
1998-02-05,82.2557100827039
1998-02-06,82.17728460313563
1998-02-07,82.17845635565342
1998-02-08,82.17962812487906
1998-02-09,81.90864476639705
1998-02-10,81.94558030666771
1998-02-11,81.82133054498387
1998-02-12,81.94566912545747
1998-02-13,81.74477201810696
1998-02-14,81.74593760349825
1998-02-15,81.74710320550942
1998-02-16,81.80226923148119
1998-02-17,81.67664774763647
1998-02-18,81.77197074171943
1998-02-19,81.72210039754495
1998-02-20,81.72621862543488
1998-02-21,81.72738394627636
1998-02-22,81.72854928373393
1998-02-23,81.84058464652654
1998-02-24,81.80773444620426
1998-02-25,81.69008787965687
1998-02-26,81.68874889283859
1998-02-27,81.6830910761691
1998-02-28,81.68425578206185
1998-03-01,81.69342910439536
1998-03-02,80.60993113513548
1998-03-03,80.64204700010235
1998-03-04,80.5161157083041
1998-03-05,80.3882190261225
1998-03-06,80.34841824965181
1998-03-07,80.35746431913971
1998-03-08,80.36651140708416
1998-03-09,80.43488580356667
1998-03-10,81.48423489754518
1998-03-11,81.41188199311051
1998-03-12,81.5342420604882
1998-03-13,81.71084839873241
1998-03-14,81.72004785814472
1998-03-15,81.72924835328307
1998-03-16,81.65969211441825
1998-03-17,81.76667422478162
1998-03-18,81.60812070317102
1998-03-19,81.59476991674268
1998-03-20,81.53489387648095
1998-03-21,81.54407352595958
1998-03-22,81.55325420893398
1998-03-23,81.6335516599374
1998-03-24,81.60207726347414
1998-03-25,81.66377939923134
1998-03-26,81.73452549370684
1998-03-27,81.64793929016032
1998-03-28,81.65713166691711
1998-03-29,81.66632507860255
1998-03-30,81.43422066133698
1998-03-31,81.29259080475799
1998-04-01,81.28240352698147
1998-04-02,81.29835477902569
1998-04-03,81.29023746259286
1998-04-04,81.29807504982601
1998-04-05,81.30591339271908
1998-04-06,81.36414649694119
1998-04-07,81.40051297474278
1998-04-08,81.59334585679383
1998-04-09,81.60121266818177
1998-04-10,81.60908023804724
1998-04-11,81.61694856646339
1998-04-12,81.62481765350336
1998-04-13,81.67365890037773
1998-04-14,81.92068893318807
1998-04-15,81.99613780912537
1998-04-16,81.85570329009371
1998-04-17,81.85926555368054
1998-04-18,81.86715800367999
1998-04-19,81.87505121462897
1998-04-20,81.91940535143375
1998-04-21,82.08835462887865
1998-04-22,82.06549678231815
1998-04-23,81.98382291689734
1998-04-24,82.02000117976476
1998-04-25,82.02790912706787
1998-04-26,82.03581783681462
1998-04-27,82.10099472384009
1998-04-28,81.9443190450381
1998-04-29,81.97116599734801
1998-04-30,81.96318956356271
1998-05-01,81.97579484288606
1998-05-02,81.98848188288532
1998-05-03,82.001170886403
1998-05-04,82.15086525454363
1998-05-05,82.29958973998005
1998-05-06,82.37820231345785
1998-05-07,82.38649246310833
1998-05-08,82.33006034374306
1998-05-09,82.34280221188506
1998-05-10,82.35554605203099
1998-05-11,82.27893457755565
1998-05-12,82.25954706577552
1998-05-13,82.22578738552986
1998-05-14,82.2221801198684
1998-05-15,82.18382105138497
1998-05-16,82.19654028670274
1998-05-17,82.2092614905217
1998-05-18,82.07804156013661
1998-05-19,82.09370571550514
1998-05-20,82.2972913702762
1998-05-21,82.46825779100325
1998-05-22,82.48089249891993
1998-05-23,82.49365771070364
1998-05-24,82.5064248981041
1998-05-25,82.51919406142706
1998-05-26,82.31115938183883
1998-05-27,82.21367661856132
1998-05-28,82.0853404197862
1998-05-29,82.02800199198099
1998-05-30,82.0406971118554
1998-05-31,82.05339419649872
1998-06-01,82.02456044643156
1998-06-02,82.02215239819779
1998-06-03,82.13763236244395
1998-06-04,82.24376935686742
1998-06-05,82.1232634527073
1998-06-06,82.12109365274505
1998-06-07,82.11892391011165
1998-06-08,82.11675422480556
1998-06-09,81.99132383375678
1998-06-10,81.5147384171818
1998-06-11,81.39022280820151
1998-06-12,81.37346095203918
1998-06-13,81.37131096280253
1998-06-14,81.36916103037129
1998-06-15,81.36701115474396
1998-06-16,81.63517201834867
1998-06-17,81.86250073527793
1998-06-18,81.84699739276485
1998-06-19,82.00726762088418
1998-06-20,82.00510088567776
1998-06-21,82.00293420771922
1998-06-22,81.78059753524127
1998-06-23,81.6768080631042
1998-06-24,81.63428682788785
1998-06-25,81.6933648685019
1998-06-26,81.49956964468382
1998-06-27,81.4974163234968
1998-06-28,81.49526305920322
1998-06-29,81.47138797640007
1998-06-30,81.65090089881416
1998-07-01,81.3254123926472
1998-07-02,81.20601055900154
1998-07-03,81.26970158259587
1998-07-04,81.24812268891273
1998-07-05,81.24340809383517
1998-07-06,81.238693772332
1998-07-07,81.32039395272022
1998-07-08,81.21130708088171
1998-07-09,81.20659462210807
1998-07-10,81.15506773918493
1998-07-11,81.15035854381868
1998-07-12,81.14564962171352
1998-07-13,81.2660361558766
1998-07-14,81.31778539455262
1998-07-15,81.25142115365152
1998-07-16,81.39438406769696
1998-07-17,81.44835012917308
1998-07-18,81.44362391547253
1998-07-19,81.43889797602058
1998-07-20,81.55761575481199
1998-07-21,81.47310819934077
1998-07-22,81.41256348968014
1998-07-23,81.39140826109286
1998-07-24,81.56478075613015
1998-07-25,81.56004778629492
1998-07-26,81.55531509110033
1998-07-27,81.29967480810765
1998-07-28,81.3834353418324
1998-07-29,81.37590962807441
1998-07-30,81.33227708475297
1998-07-31,81.24800967013299
1998-08-01,81.24818178608683
1998-08-02,81.24835390240528
1998-08-03,81.15348557199464
1998-08-04,81.19171649537557
1998-08-05,81.3418042242366
1998-08-06,81.36326514253692
1998-08-07,81.27317836280028
1998-08-08,81.27335053207155
1998-08-09,81.27352270170752
1998-08-10,81.19711530542224
1998-08-11,80.99963227051174
1998-08-12,81.1016079645196
1998-08-13,80.99706150130585
1998-08-14,80.81595764624527
1998-08-15,80.81612884693922
1998-08-16,80.81630004799581
1998-08-17,80.8164712494151
1998-08-18,80.69803667453675
1998-08-19,80.67758295054021
1998-08-20,80.7348806393302
1998-08-21,80.66634432374057
1998-08-22,80.66651520749332
1998-08-23,80.6666860916081
1998-08-24,80.63320535945314
1998-08-25,80.57611822801314
1998-08-26,80.48036144103604
1998-08-27,80.52090113734508
1998-08-28,80.92323141569844
1998-08-29,80.92340284364137
1998-08-30,80.92357427194743
1998-08-31,81.03645581683038
1998-09-01,81.3051200930964
1998-09-02,81.25934828216188
1998-09-03,81.65041622602483
1998-09-04,81.55314411707296
1998-09-05,81.55504229853914
1998-09-06,81.55694052418623
1998-09-07,81.6800694182951
1998-09-08,81.64645386182217
1998-09-09,81.62604008630491
1998-09-10,82.11561222538934
1998-09-11,82.20993243882863
1998-09-12,82.21184590730101
1998-09-13,82.21375942031014
1998-09-14,81.99949028684392
1998-09-15,82.21363561442632
1998-09-16,82.00562454819436
1998-09-17,82.18279403240022
1998-09-18,82.06446436697644
1998-09-19,82.0663744496223
1998-09-20,82.0682845767261
1998-09-21,82.10171802020729
1998-09-22,82.02198138281715
1998-09-23,81.97013979107584
1998-09-24,82.14155488753777
1998-09-25,82.22026466797394
1998-09-26,82.222178376933
1998-09-27,82.22409213043439
1998-09-28,82.04891863494727
1998-09-29,82.12261301589554
1998-09-30,82.12936208445417
1998-10-01,82.43511407882434
1998-10-02,82.63249762897254
1998-10-03,82.64600490997714
1998-10-04,82.65951439891015
1998-10-05,82.70200872243801
1998-10-06,82.7326242400256
1998-10-07,83.27462679392669
1998-10-08,83.43555098426215
1998-10-09,83.13713086722714
1998-10-10,83.150720636637
1998-10-11,83.16431262745905
1998-10-12,83.17790684005632
1998-10-13,83.09379273411368
1998-10-14,83.03211063466473
1998-10-15,83.32972329827332
1998-10-16,83.43677700936946
1998-10-17,83.45041575956486
1998-10-18,83.4640567391789
1998-10-19,83.36564910826067
1998-10-20,83.1491480554726
1998-10-21,83.06689947691153
1998-10-22,83.18750508316272
1998-10-23,83.23755887218675
1998-10-24,83.2511650577685
1998-10-25,83.2647734674458
1998-10-26,83.1268464628674
1998-10-27,82.92013454433118
1998-10-28,82.97017786015411
1998-10-29,83.0736647856394
1998-10-30,83.02697699877099
1998-10-31,83.04054876219897
1998-11-01,83.04778699374262
1998-11-02,83.17750652995025
1998-11-03,83.03531920860723
1998-11-04,82.88699334309673
1998-11-05,83.03303688206441
1998-11-06,82.9427509137464
1998-11-07,82.9499806207381
1998-11-08,82.9572109579074
1998-11-09,82.62434971786693
1998-11-10,82.64511422821124
1998-11-11,82.75384177138116
1998-11-12,82.55840651093267
1998-11-13,82.61423379554562
1998-11-14,82.62143486733436
1998-11-15,82.62863656680472
1998-11-16,82.99910498312558
1998-11-17,82.94025690178708
1998-11-18,82.95196904228959
1998-11-19,82.82625479379416
1998-11-20,82.69518140589025
1998-11-21,82.70238953347949
1998-11-22,82.70959828936539
1998-11-23,82.30343457215118
1998-11-24,82.32130306415618
1998-11-25,82.31714615177565
1998-11-26,82.33772707826085
1998-11-27,82.24318440211023
1998-11-28,82.25035313136918
1998-11-29,82.2575224854906
1998-11-30,82.38345878661131
1998-12-01,82.5881790688904
1998-12-02,82.7149477933619
1998-12-03,82.74935522275263
1998-12-04,82.71382975180903
1998-12-05,82.72015554063857
1998-12-06,82.72648181325184
1998-12-07,82.73280856968586
1998-12-08,82.73913580997757
1998-12-09,82.77293627886137
1998-12-10,82.93492227629817
1998-12-11,83.04011834308363
1998-12-12,83.04646908581428
1998-12-13,83.05282031423708
1998-12-14,83.06996118988312
1998-12-15,82.93638624665913
1998-12-16,82.860935510128
1998-12-17,82.87613936676094
1998-12-18,82.91117571569119
1998-12-19,82.91751659714667
1998-12-20,82.92385796354017
1998-12-21,82.79237156279655
1998-12-22,82.74807988287581
1998-12-23,82.79590566225501
1998-12-24,82.70740383628052
1998-12-25,82.71372913366886
1998-12-26,82.72005491480333
1998-12-27,82.72638117972095
1998-12-28,82.66917676835402
1998-12-29,82.8022108290231
1998-12-30,82.78543154400278
1998-12-31,82.79176280879467
1999-01-01,82.7875112325368
1999-01-02,82.78325987460863
1999-01-03,82.77900873499892
1999-01-04,83.04898116341433
1999-01-05,82.979042127011
1999-01-06,82.67099314940894
1999-01-07,82.80960549294203
1999-01-08,82.56200248487731
1999-01-09,82.55776270742048
1999-01-10,82.55352314768746
1999-01-11,82.608535908316
1999-01-12,82.49547676569595
1999-01-13,82.78535311787331
1999-01-14,82.76746358345662
1999-01-15,77.76446032663739
1999-01-16,77.76046691567457
1999-01-17,77.756473709784
1999-01-18,77.7495616481897
1999-01-19,77.76977548963717
1999-01-20,75.4549163392543
1999-01-21,74.04679688358563
1999-01-22,74.03514263105966
1999-01-23,74.03134073043599
1999-01-24,74.02753902504998
1999-01-25,74.0237375148916
1999-01-26,74.01993619995083
1999-01-27,74.01613508021767
1999-01-28,71.32445454170033
1999-01-29,71.3207918420881
1999-01-30,71.3171293305652
1999-01-31,71.31346700712196
1999-02-01,70.68515798556771
1999-02-02,70.1791528089467
1999-02-03,71.8698775444142
1999-02-04,70.19761911795051
1999-02-05,70.1828382712703
1999-02-06,70.19886936252651
1999-02-07,70.214904115588
1999-02-08,71.23719571904738
1999-02-09,70.69605281299293
1999-02-10,70.71220113218342
1999-02-11,70.72835313995627
1999-02-12,70.78494470480838
1999-02-13,70.80111332859276
1999-02-14,70.81728564559747
1999-02-15,70.83346165666607
1999-02-16,70.83412792471437
1999-02-17,70.44413378290724
1999-02-18,70.68494730596322
1999-02-19,70.05358502117434
1999-02-20,70.06958658853699
1999-02-21,70.08559181096109
1999-02-22,70.26125841969065
1999-02-23,70.11482614030342
1999-02-24,70.1308416962991
1999-02-25,70.1468609105515
1999-02-26,68.52589810888827
1999-02-27,68.54155072358806
1999-02-28,68.55720691364189
1999-03-01,68.90877837490562
1999-03-02,68.83472029686388
1999-03-03,67.45125994462846
1999-03-04,67.97125727569853
1999-03-05,69.27212777456481
1999-03-06,69.29944034415219
1999-03-07,69.32676368252179
1999-03-08,69.64774734528491
1999-03-09,69.68872510527069
1999-03-10,69.88941458502869
1999-03-11,71.11171552674466
1999-03-12,71.19166591632623
1999-03-13,71.21973532016652
1999-03-14,71.24781579119318
1999-03-15,70.85980728159247
1999-03-16,71.11558182597155
1999-03-17,71.34468348126526
1999-03-18,71.33934322433089
1999-03-19,71.36747085428438
1999-03-20,71.39560957438154
1999-03-21,71.423759388995
1999-03-22,71.58408697910116
1999-03-23,71.52023152041151
1999-03-24,71.81644259912584
1999-03-25,72.09637985675651
1999-03-26,72.35650930674005
1999-03-27,72.38503798427645
1999-03-28,72.41357791008132
1999-03-29,72.48781255056176
1999-03-30,72.96652116318326
1999-03-31,73.35327253559967
1999-04-01,73.36754992672299
1999-04-02,73.38183009678016
1999-04-03,73.39611304631217
1999-04-04,73.41039877586
1999-04-05,73.21664936159067
1999-04-06,73.41719132499193
1999-04-07,73.37737476500922
1999-04-08,73.74714754953938
1999-04-09,73.54183315658418
1999-04-10,73.55614724891578
1999-04-11,73.57046412732477
1999-04-12,73.69598170079011
1999-04-13,74.25672590955587
1999-04-14,74.35592933177902
1999-04-15,74.22209360148358
1999-04-16,74.04121718567716
1999-04-17,74.05562847750456
1999-04-18,74.07004257432811
1999-04-19,74.04168084414988
1999-04-20,73.3935872823948
1999-04-21,73.07498380761032
1999-04-22,73.08920703295647
1999-04-23,73.83400464571561
1999-04-24,73.84837560594802
1999-04-25,73.86274936332653
1999-04-26,73.50684647062067
1999-04-27,73.75464399193662
1999-04-28,73.76899950550856
1999-04-29,73.78335781322005
1999-04-30,74.14431090666933
1999-05-01,74.15944634556311
1999-05-02,74.17461969201085
1999-05-03,74.02215357470173
1999-05-04,73.84922649972005
1999-05-05,74.23729822121082
1999-05-06,74.45560689652879
1999-05-07,74.53342886847452
1999-05-08,74.54867873337898
1999-05-09,74.56393171847236
1999-05-10,74.57571174827096
1999-05-11,74.74708278274798
1999-05-12,74.60577996149983
1999-05-13,74.62104462975377
1999-05-14,74.63622643917915
1999-05-15,74.65149733691533
1999-05-16,74.6667713591438
1999-05-17,74.58714667583635
1999-05-18,74.6974858065175
1999-05-19,74.71276923818762
1999-05-20,74.13962003738378
1999-05-21,74.15478932728232
1999-05-22,74.16996172088378
1999-05-23,74.1851372188232
1999-05-24,74.20031582173573
1999-05-25,74.21549753025673
1999-05-26,74.2306823450215
1999-05-27,74.2458702666657
1999-05-28,74.84606977980889
1999-05-29,74.86138361240855
1999-05-30,74.87670057828521
1999-05-31,74.8937656403456
1999-06-01,73.14662044589649
1999-06-02,72.86375018529398
1999-06-03,74.89675507793704
1999-06-04,74.8984019506644
1999-06-05,74.90013858443845
1999-06-06,74.90187525847902
1999-06-07,74.90259188251768
1999-06-08,74.90432861344173
1999-06-09,74.90606538463452
1999-06-10,73.12340011251418
1999-06-11,72.7837404140033
1999-06-12,72.78542801612183
1999-06-13,72.78711565736995
1999-06-14,72.78880333774865
1999-06-15,72.5394948332472
1999-06-16,72.54117677215912
1999-06-17,72.72370932842453
1999-06-18,72.82063163016409
1999-06-19,72.82232008766175
1999-06-20,72.8240085843089
1999-06-21,72.8256971201064
1999-06-22,72.47657706723115
1999-06-23,72.26657071121197
1999-06-24,72.43551921902264
1999-06-25,72.40496137231044
1999-06-26,72.40664019185871
1999-06-27,72.40831905033296
1999-06-28,72.45493092852125
1999-06-29,72.58228034830975
1999-06-30,72.46303966474548
1999-07-01,72.42404427032955
1999-07-02,72.26971910540352
1999-07-03,72.27922480416733
1999-07-04,72.28873175322393
1999-07-05,72.27483740050307
1999-07-06,72.24650214761034
1999-07-07,72.1011170845599
1999-07-08,72.11060060695385
1999-07-09,72.1200853767237
1999-07-10,72.12957139403355
1999-07-11,72.13905865904745
1999-07-12,71.76890351320115
1999-07-13,71.83423154925703
1999-07-14,71.8436799679653
1999-07-15,71.85312962943229
1999-07-16,71.8625805338214
1999-07-17,71.87203268129619
1999-07-18,71.8814860720201
1999-07-19,72.19899403065624
1999-07-20,72.46956496093729
1999-07-21,72.47425799774247
1999-07-22,72.48051423686198
1999-07-23,72.36345222519988
1999-07-24,72.37297025276213
1999-07-25,72.3824895322388
1999-07-26,72.72872553556793
1999-07-27,72.62790256876698
1999-07-28,73.21721390430265
1999-07-29,73.2144591219337
1999-07-30,73.2894325368528
1999-07-31,73.29907235940765
1999-08-01,73.31631462804472
1999-08-02,72.99310522076688
1999-08-03,72.97597053466293
1999-08-04,73.12467493012848
1999-08-05,72.90905155448684
1999-08-06,72.71591677199645
1999-08-07,72.73302186392755
1999-08-08,72.75013097951926
1999-08-09,72.6973112649303
1999-08-10,72.47645744757672
1999-08-11,72.46980608916044
1999-08-12,72.57586002665765
1999-08-13,72.2252380002582
1999-08-14,72.242227668966
1999-08-15,72.25922133418322
1999-08-16,72.2762189968499
1999-08-17,72.08730889521094
1999-08-18,72.08258057354732
1999-08-19,72.04175372293068
1999-08-20,71.9754749518881
1999-08-21,71.99240586839841
1999-08-22,72.00934076759773
1999-08-23,72.35320841661523
1999-08-24,72.41922345706536
1999-08-25,71.82112102001909
1999-08-26,71.79865063565218
1999-08-27,71.56090944293516
1999-08-28,71.5777428404777
1999-08-29,71.59458019776973
1999-08-30,71.61928875847842
1999-08-31,72.1768147272478
1999-09-01,72.18745148527547
1999-09-02,72.3928768605815
1999-09-03,72.3919264823944
1999-09-04,72.40259494162274
1999-09-05,72.4132649730709
1999-09-06,72.2783636594179
1999-09-07,72.26381910651223
1999-09-08,72.3108471154139
1999-09-09,72.69607586880183
1999-09-10,72.60130554983833
1999-09-11,72.61200486543635
1999-09-12,72.6227057578015
1999-09-13,72.52034789143607
1999-09-14,72.28998202623515
1999-09-15,72.44073198695018
1999-09-16,72.45718577193998
1999-09-17,72.42796436065129
1999-09-18,72.43863813081211
1999-09-19,72.44931347397545
1999-09-20,72.45406620513427
1999-09-21,72.69513243130885
1999-09-22,72.72637098351139
1999-09-23,72.73708873010779
1999-09-24,72.64340626962623
1999-09-25,72.65411178964278
1999-09-26,72.66481888734084
1999-09-27,72.67552756295292
1999-09-28,72.92559882481999
1999-09-29,73.07087449776274
1999-09-30,73.12065632376051
1999-10-01,73.32403176070734
1999-10-02,73.33447814875942
1999-10-03,73.34492602509603
1999-10-04,72.44861643642014
1999-10-05,72.40029874181086
1999-10-06,72.68195721117583
1999-10-07,72.49776837179563
1999-10-08,72.29322127509057
1999-10-09,72.30352080479233
1999-10-10,72.31382180185592
1999-10-11,72.32412426649036
1999-10-12,72.58206547202907
1999-10-13,72.58930019481012
1999-10-14,72.67707413856168
1999-10-15,72.68742835532677
1999-10-16,72.69778404724487
1999-10-17,72.70814121452614
1999-10-18,72.71849985738078
1999-10-19,72.85582006670906
1999-10-20,72.6635819108768
1999-10-21,72.36287838918199
1999-10-22,72.28883681220817
1999-10-23,72.29913571726071
1999-10-24,72.30943608958607
1999-10-25,72.26215776797912
1999-10-26,72.02907973751883
1999-10-27,71.95574799711427
1999-10-28,71.91566229800726
1999-10-29,71.92590803732828
1999-10-30,71.93615523634767
1999-10-31,71.94640389527336
1999-11-01,72.18300755809426
1999-11-02,72.26879692624239
1999-11-03,72.21460529913632
1999-11-04,72.25123170357263
1999-11-05,72.29176879331827
1999-11-06,72.308165560134
1999-11-07,72.32456604596183
1999-11-08,72.29866864552233
1999-11-09,72.40354449504837
1999-11-10,72.45150752019792
1999-11-11,72.42605514901105
1999-11-12,72.24387334284032
1999-11-13,72.26025924630956
1999-11-14,72.27664886632691
1999-11-15,72.29744453498161
1999-11-16,72.27993720426103
1999-11-17,72.53140859449532
1999-11-18,72.47741730553936
1999-11-19,72.37900292520364
1999-11-20,72.39541947791953
1999-11-21,72.41183975413522
1999-11-22,72.48195017671436
1999-11-23,72.44228402497865
1999-11-24,72.17166085872402
1999-11-25,72.25055016832673
1999-11-26,72.18428166239065
1999-11-27,72.20065404964767
1999-11-28,72.21703015038717
1999-11-29,72.14052651846666
1999-11-30,72.07389255716778
1999-12-01,72.11046405390712
1999-12-02,72.01293449555435
1999-12-03,72.01872178140238
1999-12-04,72.02936764386254
1999-12-05,72.04001508000225
1999-12-06,72.5258990358724
1999-12-07,72.53363998512262
1999-12-08,72.54436196318494
1999-12-09,72.46066373562643
1999-12-10,72.3873131633329
1999-12-11,72.39801351125269
1999-12-12,72.40871544090606
1999-12-13,72.32890813320972
1999-12-14,72.21822319102243
1999-12-15,72.22751760120723
1999-12-16,72.44652481279884
1999-12-17,72.28734837333722
1999-12-18,72.29803394438537
1999-12-19,72.3087210949828
1999-12-20,72.32733374421571
1999-12-21,73.57733322073238
1999-12-22,73.51532798818721
1999-12-23,73.72396985572577
1999-12-24,73.73486778925871
1999-12-25,73.7457673337325
1999-12-26,73.75666848938532
1999-12-27,73.76757125645528
1999-12-28,73.77847563518057
1999-12-29,73.78938162579949
1999-12-30,73.80028922855026
1999-12-31,73.81119844367117
2000-01-01,73.8000226586908
2000-01-02,73.78884856584081
2000-01-03,73.84751623711824
2000-01-04,74.03269101218491
2000-01-05,74.10681357566072
2000-01-06,74.01028315549416
2000-01-07,73.9869833068328
2000-01-08,73.97578090619145
2000-01-09,73.96458020171035
2000-01-10,73.95338119313269
2000-01-11,73.9421838802017
2000-01-12,73.90558860740587
2000-01-13,73.82000529253348
2000-01-14,73.61901772278422
2000-01-15,73.60787103596863
2000-01-16,73.59672603687764
2000-01-17,73.43011329289709
2000-01-18,73.4573410433487
2000-01-19,73.44621883606798
2000-01-20,73.48578942560616
2000-01-21,73.35501167632209
2000-01-22,73.34390496277437
2000-01-23,73.3327999308989
2000-01-24,73.19940215786238
2000-01-25,73.20466956939052
2000-01-26,73.13169708275645
2000-01-27,72.91128520378078
2000-01-28,72.60790933211302
2000-01-29,73.10856646661308
2000-01-30,73.0974970674395
2000-01-31,73.08642934428838
2000-02-01,73.05754773290687
2000-02-02,73.05736026897026
2000-02-03,73.47257653728835
2000-02-04,73.16951595194267
2000-02-05,73.17932737540696
2000-02-06,73.18914011450148
2000-02-07,73.16468523920064
2000-02-08,73.41065424885251
2000-02-09,73.17467373628232
2000-02-10,73.40728101601535
2000-02-11,73.32465657556453
2000-02-12,73.33448880209595
2000-02-13,73.3443223470472
2000-02-14,73.23794843323283
2000-02-15,73.37698172184182
2000-02-16,73.38632871365733
2000-02-17,73.44624018669106
2000-02-18,73.41273890075654
2000-02-19,73.4225829383951
2000-02-20,73.43242829603724
2000-02-21,73.42444691513643
2000-02-22,73.89236601174387
2000-02-23,73.83229020391171
2000-02-24,73.59825985584119
2000-02-25,73.21655151820421
2000-02-26,73.22636924874668
2000-02-27,73.23618829576516
2000-02-28,73.15099081020921
2000-02-29,73.07436578423999
2000-03-01,73.09655327904986
2000-03-02,73.11797216988444
2000-03-03,73.1257789980411
2000-03-04,73.14708100699082
2000-03-05,73.16838922135254
2000-03-06,73.11074203077281
2000-03-07,73.1206922656871
2000-03-08,73.09510129148617
2000-03-09,73.35878742742024
2000-03-10,73.33206638715771
2000-03-11,73.35342848894845
2000-03-12,73.37479681365656
2000-03-13,73.35302146750782
2000-03-14,73.86231157960908
2000-03-15,73.9873439792157
2000-03-16,74.02402411818926
2000-03-17,74.0339310407489
2000-03-18,74.05549760021975
2000-03-19,74.07707044216785
2000-03-20,74.09565273414667
2000-03-21,74.30292859461149
2000-03-22,74.09060700222726
2000-03-23,74.29856173259094
2000-03-24,74.41001329838446
2000-03-25,74.43168941303172
2000-03-26,74.45337184207035
2000-03-27,73.76441708143724
2000-03-28,73.70747730559624
2000-03-29,73.56139422919706
2000-03-30,73.63543289835155
2000-03-31,73.6615873583292
2000-04-01,73.66957502826776
2000-04-02,73.67756356436833
2000-04-03,73.62500402631578
2000-04-04,74.00491362144798
2000-04-05,73.86576185337944
2000-04-06,73.71840779138846
2000-04-07,73.65891693087204
2000-04-08,73.66690431123641
2000-04-09,73.67489255773141
2000-04-10,73.75667429892454
2000-04-11,73.75543113312202
2000-04-12,73.66828934752381
2000-04-13,73.62214843589881
2000-04-14,73.65067114618003
2000-04-15,73.65865763239306
2000-04-16,73.66664498463979
2000-04-17,73.66753271624793
2000-04-18,73.93831457626032
2000-04-19,73.84448131448055
2000-04-20,73.8524888169615
2000-04-21,73.86049718775509
2000-04-22,73.86850642695548
2000-04-23,73.87651653465682
2000-04-24,73.74436280813474
2000-04-25,73.46161498937688
2000-04-26,73.35685479858147
2000-04-27,73.11172897410536
2000-04-28,73.03429225113015
2000-04-29,73.04221189882738
2000-04-30,73.0501324053105
2000-05-01,73.06241782332486
2000-05-02,72.94083772782855
2000-05-03,72.75571817811002
2000-05-04,72.6860682362644
2000-05-05,72.75078975485101
2000-05-06,72.76302312998712
2000-05-07,72.77525856222069
2000-05-08,72.82079823950599
2000-05-09,72.83304338688617
2000-05-10,72.8452905933434
2000-05-11,72.8575398592239
2000-05-12,72.86979118487402
2000-05-13,72.88204457064008
2000-05-14,72.8943000168685
2000-05-15,72.90655752390578
2000-05-16,72.24157900292215
2000-05-17,71.94686744408222
2000-05-18,72.03900280796512
2000-05-19,72.16245280899442
2000-05-20,72.17458725260563
2000-05-21,72.18672373667854
2000-05-22,72.35097528339041
2000-05-23,72.31609174614391
2000-05-24,72.49333230238759
2000-05-25,72.50552238488577
2000-05-26,73.01473856550423
2000-05-27,73.0270163248295
2000-05-28,73.03929614871569
2000-05-29,72.89133576243421
2000-05-30,73.15827819677682
2000-05-31,73.0716874408355
2000-06-01,72.98798135936634
2000-06-02,73.29540607337395
2000-06-03,73.30803184378138
2000-06-04,73.32065978908747
2000-06-05,73.70727244869046
2000-06-06,73.92859939477073
2000-06-07,74.10405044836469
2000-06-08,73.99791005604047
2000-06-09,73.8815807706226
2000-06-10,73.8943075147137
2000-06-11,73.90703645109704
2000-06-12,74.01575448817135
2000-06-13,74.18343466917479
2000-06-14,74.1441055346067
2000-06-15,74.07316134735447
2000-06-16,74.2772891020779
2000-06-17,74.29008401036657
2000-06-18,74.30288112268933
2000-06-19,74.31568043942588
2000-06-20,74.18320048596895
2000-06-21,73.9800961237918
2000-06-22,73.93432034767186
2000-06-23,73.25179519413592
2000-06-24,73.26441345219055
2000-06-25,73.27703388384977
2000-06-26,73.27828117316886
2000-06-27,73.35589157577034
2000-06-28,73.40569696217428
2000-06-29,73.59518627527221
2000-06-30,73.66903146568777
2000-07-01,73.67349950543954
2000-07-02,73.67809799066688
2000-07-03,73.5999221151138
2000-07-04,73.58530214273136
2000-07-05,73.61903087133423
2000-07-06,73.63432080307561
2000-07-07,73.55827377984666
2000-07-08,73.56286507301985
2000-07-09,73.56745665276821
2000-07-10,73.62836325780687
2000-07-11,73.62957332993875
2000-07-12,73.48983139372855
2000-07-13,73.49441841492738
2000-07-14,73.4990057224347
2000-07-15,73.50359331626841
2000-07-16,73.50818119644634
2000-07-17,73.25778766240961
2000-07-18,73.58485480289247
2000-07-19,73.45092009780568
2000-07-20,73.65146498112746
2000-07-21,73.76825161942891
2000-07-22,73.77285601880718
2000-07-23,73.77746070557865
2000-07-24,73.65172999729708
2000-07-25,73.65632712373514
2000-07-26,73.66092453711244
2000-07-27,73.63587908987029
2000-07-28,73.45053874316737
2000-07-29,73.45512331183343
2000-07-30,73.45970816665488
2000-07-31,73.49583726433964
2000-08-01,73.4536532120418
2000-08-02,73.32938180275406
2000-08-03,73.15091016936185
2000-08-04,73.19391871565995
2000-08-05,73.21063079796593
2000-08-06,73.2273466960766
2000-08-07,73.27621041860318
2000-08-08,73.29294129025311
2000-08-09,73.13843338378446
2000-08-10,73.29053188127502
2000-08-11,73.33539950971277
2000-08-12,73.35214389577729
2000-08-13,73.36889210502223
2000-08-14,73.30733114610013
2000-08-15,73.49502414346082
2000-08-16,73.56272794669584
2000-08-17,73.57657127125589
2000-08-18,73.41519776139437
2000-08-19,73.4319603674828
2000-08-20,73.4487268009118
2000-08-21,73.46549706255522
2000-08-22,73.2548748043489
2000-08-23,72.9322029871329
2000-08-24,73.07796809355862
2000-08-25,73.0687451403498
2000-08-26,73.08542864226102
2000-08-27,73.10211595345123
2000-08-28,73.11880707479018
2000-08-29,72.95461171266321
2000-08-30,72.89812339663486
2000-08-31,72.81099957099826
2000-09-01,73.1049709193426
2000-09-02,73.11841833955182
2000-09-03,73.13186823336999
2000-09-04,73.13383822166554
2000-09-05,72.73004947472491
2000-09-06,72.33523980118639
2000-09-07,72.43288941581018
2000-09-08,72.22518550056809
2000-09-09,72.23847108712809
2000-09-10,72.25175911752827
2000-09-11,72.13409773631628
2000-09-12,72.29341246480942
2000-09-13,72.2519918496704
2000-09-14,72.24579618247864
2000-09-15,72.13328965509153
2000-09-16,72.14655833771143
2000-09-17,72.15982946106206
2000-09-18,71.72355807024762
2000-09-19,71.64803692877548
2000-09-20,71.67163732449083
2000-09-21,71.919647793631
2000-09-22,72.42334184358572
2000-09-23,72.43666388035666
2000-09-24,72.44998836767267
2000-09-25,72.44559058141822
2000-09-26,72.61870817511735
2000-09-27,72.57395882814427
2000-09-28,72.71461733327871
2000-09-29,72.73866557968518
2000-09-30,72.75204561922568
2000-10-01,72.75125187969441
2000-10-02,72.57430464613451
2000-10-03,72.46572854360474
2000-10-04,72.40724831815302
2000-10-05,72.27944236380091
2000-10-06,72.30802280023379
2000-10-07,72.30725238211436
2000-10-08,72.30648197220347
2000-10-09,72.3018151955218
2000-10-10,72.17412044075049
2000-10-11,72.22763192516072
2000-10-12,72.10450884781395
2000-10-13,72.01720823825845
2000-10-14,72.01644091867219
2000-10-15,72.01567360726148
2000-10-16,72.0149063040262
2000-10-17,71.72120239371657
2000-10-18,71.7896158112854
2000-10-19,71.52350101164207
2000-10-20,71.55482094233375
2000-10-21,71.55405854933154
2000-10-22,71.55329616445239
2000-10-23,70.9397314595353
2000-10-24,70.96605399233869
2000-10-25,70.64617311622649
2000-10-26,70.77948005079034
2000-10-27,70.77872591878943
2000-10-28,70.77797179482357
2000-10-29,70.77721767889264
2000-10-30,70.77646357099655
2000-10-31,70.79774653678626
2000-11-01,71.0613940629386
2000-11-02,71.11272004103573
2000-11-03,71.2687278110637
2000-11-04,71.28652953382864
2000-11-05,71.30433570316282
2000-11-06,71.32214632017693
2000-11-07,70.90156095038151
2000-11-08,70.8026211171606
2000-11-09,70.82983175713854
2000-11-10,70.93590652691613
2000-11-11,70.95362511655361
2000-11-12,70.97134813199513
2000-11-13,70.87842074675706
2000-11-14,70.82559773884347
2000-11-15,70.82201491241356
2000-11-16,70.71084147247191
2000-11-17,70.7192842031196
2000-11-18,70.73694868416459
2000-11-19,70.75461757749817
2000-11-20,70.95459906460758
2000-11-21,70.89407391411413
2000-11-22,70.8315328818909
2000-11-23,70.86111845926116
2000-11-24,70.87881836810433
2000-11-25,70.89652269808538
2000-11-26,70.91423145030858
2000-11-27,70.98879699309838
2000-11-28,71.06010478731129
2000-11-29,71.09707029516316
2000-11-30,71.40388184947469
2000-12-01,71.48809752203965
2000-12-02,71.49921699814968
2000-12-03,71.51033820381684
2000-12-04,71.54989809939536
2000-12-05,71.44679062037842
2000-12-06,71.56876667708383
2000-12-07,71.59191908124242
2000-12-08,71.60305470607354
2000-12-09,71.61419206297356
2000-12-10,71.62533115221198
2000-12-11,71.64757054677627
2000-12-12,71.62760041369056
2000-12-13,71.57909296763238
2000-12-14,71.59022659745075
2000-12-15,71.60136195902777
2000-12-16,71.6124990526328
2000-12-17,71.62363787853523
2000-12-18,71.63477843700451
2000-12-19,72.09580371420539
2000-12-20,72.43889746303324
2000-12-21,72.58403966734754
2000-12-22,72.82577536677269
2000-12-23,72.83710290936304
2000-12-24,72.84843221387382
2000-12-25,72.85976328057909
2000-12-26,72.98008421616014
2000-12-27,72.93124418986191
2000-12-28,72.81205640956836
2000-12-29,72.82338181827038
2000-12-30,72.83470898856093
2000-12-31,72.846037920714
2001-01-01,72.85130320260829
2001-01-02,72.84915370037068
2001-01-03,72.85441920747226
2001-01-04,73.48586739644244
2001-01-05,73.69509728049432
2001-01-06,73.70042393205269
2001-01-07,73.70575096861924
2001-01-08,73.56280657333258
2001-01-09,73.25180427244379
2001-01-10,73.24458347416389
2001-01-11,73.45933913851631
2001-01-12,73.38551458817768
2001-01-13,73.39081886322538
2001-01-14,73.39612352166391
2001-01-15,73.48281346976928
2001-01-16,73.48812477754043
2001-01-17,73.49581265240441
2001-01-18,73.50112489975118
2001-01-19,73.50643753106502
2001-01-20,73.51175054637369
2001-01-21,73.51706394570492
2001-01-22,73.52237772908649
2001-01-23,73.52769189654616
2001-01-24,73.53438963025393
2001-01-25,73.5397046659289
2001-01-26,73.54215396590051
2001-01-27,73.54746956277852
2001-01-28,73.55278554386571
2001-01-29,72.63211851652473
2001-01-30,72.81582307429471
2001-01-31,72.89391374014532
2001-02-01,73.13206495832313
2001-02-02,73.14625137705039
2001-02-03,73.16044054770978
2001-02-04,73.17463247083508
2001-02-05,72.96924533808557
2001-02-06,72.80610594189548
2001-02-07,72.85067166631481
2001-02-08,72.53258119217321
2001-02-09,72.68078796463028
2001-02-10,72.69488684303721
2001-02-11,72.70898845639485
2001-02-12,72.78391391363958
2001-02-13,72.57616505618113
2001-02-14,72.5902436394632
2001-02-15,72.39412244419567
2001-02-16,72.61539444373122
2001-02-17,72.62948063686979
2001-02-18,72.64356956249834
2001-02-19,72.6576612211469
2001-02-20,72.67175561334567
2001-02-21,72.6858527396249
2001-02-22,72.69995260051495
2001-02-23,72.50498127664265
2001-02-24,72.51904605144136
2001-02-25,72.53311355457525
2001-02-26,72.75835382682885
2001-02-27,72.84708262998204
2001-02-28,73.05019587610111
2001-03-01,73.21976473400194
2001-03-02,73.26306413607934
2001-03-03,73.26651403686299
2001-03-04,73.27000850499061
2001-03-05,73.1999057563949
2001-03-06,73.2660169507201
2001-03-07,73.1162575458747
2001-03-08,73.15153449970902
2001-03-09,73.23807726854817
2001-03-10,73.24157038037569
2001-03-11,73.24506365880823
2001-03-12,73.17452897436725
2001-03-13,72.88122575996213
2001-03-14,72.80945785689798
2001-03-15,72.6250710782716
2001-03-16,72.41478037043119
2001-03-17,72.41823421486887
2001-03-18,72.42168822403869
2001-03-19,72.50327451642873
2001-03-20,72.63064734465537
2001-03-21,72.63411148493245
2001-03-22,72.24185089512714
2001-03-23,72.38571580120919
2001-03-24,72.38916825940359
2001-03-25,72.39262088226403
2001-03-26,70.12422860370677
2001-03-27,70.01189535031351
2001-03-28,69.97527323363312
2001-03-29,69.97861072505403
2001-03-30,69.7357573743013
2001-03-31,69.73908344194223
2001-04-01,69.7351837166687
2001-04-02,69.73128420946311
2001-04-03,70.2461451328087
2001-04-04,70.43569781907055
2001-04-05,70.33368199738051
2001-04-06,70.49264789852752
2001-04-07,70.48870603484018
2001-04-08,70.48476439157709
2001-04-09,70.43373692011808
2001-04-10,70.22488886783454
2001-04-11,70.18730877812752
2001-04-12,70.18338398863482
2001-04-13,70.17945941861161
2001-04-14,70.17553506804563
2001-04-15,70.17161093692458
2001-04-16,70.03961941479864
2001-04-17,69.95376804240155
2001-04-18,70.06863886321423
2001-04-19,70.18402188552844
2001-04-20,70.41951013593501
2001-04-21,70.415572362023
2001-04-22,70.41163480830654
2001-04-23,69.41959074608548
2001-04-24,70.11299559311455
2001-04-25,69.40923775703205
2001-04-26,69.44631855568973
2001-04-27,69.44243520147488
2001-04-28,69.43855206441249
2001-04-29,69.43466914449044
2001-04-30,69.5153771228098
2001-05-01,69.52359118751062
2001-05-02,69.72610253682043
2001-05-03,69.67825377809417
2001-05-04,69.74189563266377
2001-05-05,69.75012437245658
2001-05-06,69.75835408314582
2001-05-07,69.59707802654108
2001-05-08,69.47443326276954
2001-05-09,69.47096034639586
2001-05-10,69.41309485724993
2001-05-11,69.31816832039411
2001-05-12,69.32634706524823
2001-05-13,69.33452677509997
2001-05-14,69.34270745006317
2001-05-15,69.35088909025173
2001-05-16,69.51623921948642
2001-05-17,69.48325109417205
2001-05-18,69.42541436641832
2001-05-19,69.43360576506967
2001-05-20,69.44179813021165
2001-05-21,69.4211225356878
2001-05-22,69.1432017086208
2001-05-23,69.1513598094315
2001-05-24,69.11307857554213
2001-05-25,69.12123312217034
2001-05-26,69.12938863094107
2001-05-27,69.13754510196782
2001-05-28,69.13982176294863
2001-05-29,69.10270007557169
2001-05-30,69.12621672868144
2001-05-31,69.13437282546029
2001-06-01,68.9677873852461
2001-06-02,68.98988470542464
2001-06-03,69.01198910559775
2001-06-04,69.03410058803384
2001-06-05,69.05621915500207
2001-06-06,67.38177795475973
2001-06-07,67.4593865355927
2001-06-08,67.45918609929889
2001-06-09,67.4808000627264
2001-06-10,67.50242095128066
2001-06-11,67.52404876718049
2001-06-12,67.4881544089196
2001-06-13,67.61596791167246
2001-06-14,67.84935757539702
2001-06-15,67.84869878467246
2001-06-16,67.87043754819649
2001-06-17,67.89218327683331
2001-06-18,67.91393597281453
2001-06-19,67.75143038733464
2001-06-20,67.78479427173876
2001-06-21,67.84571914594999
2001-06-22,67.8595563190552
2001-06-23,67.8812985613397
2001-06-24,67.90304776985163
2001-06-25,68.68017052458643
2001-06-26,68.743980655697
2001-06-27,68.73088804881988
2001-06-28,68.40684061595374
2001-06-29,68.47076679618705
2001-06-30,68.49270487067268
2001-07-01,68.50878126520749
2001-07-02,68.3148412575176
2001-07-03,68.35570222488148
2001-07-04,68.3256244643158
2001-07-05,68.15276473395691
2001-07-06,68.34442107040401
2001-07-07,68.36055684352516
2001-07-08,68.37669642622095
2001-07-09,68.3928398193908
2001-07-10,68.60198960847514
2001-07-11,68.68273072247396
2001-07-12,68.5750901160871
2001-07-13,68.5968684818268
2001-07-14,68.61306385650857
2001-07-15,68.6292630548366
2001-07-16,65.87785083820816
2001-07-17,65.99239726148227
2001-07-18,66.27585300510404
2001-07-19,66.25914706438212
2001-07-20,66.32757329313634
2001-07-21,66.34323289866919
2001-07-22,66.35889620135593
2001-07-23,68.12822865690913
2001-07-24,68.26687491674937
2001-07-25,68.40891371954214
2001-07-26,68.36992002182518
2001-07-27,68.37921783699562
2001-07-28,68.39536182545787
2001-07-29,68.41150962543435
2001-07-30,68.37081653920194
2001-07-31,68.35492247341324
2001-08-01,68.50479785500214
2001-08-02,68.57138942346931
2001-08-03,68.63680848288334
2001-08-04,68.65152506492966
2001-08-05,68.66624480239348
2001-08-06,67.86816296201104
2001-08-07,67.79968489285099
2001-08-08,67.85801185953085
2001-08-09,68.14305644595305
2001-08-10,68.19098927188925
2001-08-11,68.2056102647737
2001-08-12,68.22023439258014
2001-08-13,68.22954200681272
2001-08-14,68.31892998366051
2001-08-15,68.55196603315333
2001-08-16,68.66071018773594
2001-08-17,68.68537473195754
2001-08-18,68.7001017272093
2001-08-19,68.71483188011129
2001-08-20,68.72956519134054
2001-08-21,68.70337494815327
2001-08-22,68.76361961367334
2001-08-23,68.72528134768969
2001-08-24,68.6979104748163
2001-08-25,68.71264015788667
2001-08-26,68.72737299918353
2001-08-27,68.7345034952146
2001-08-28,68.71815227582755
2001-08-29,68.7693906954802
2001-08-30,68.90285886692334
2001-08-31,68.81974831260573
2001-09-01,68.8281097816682
2001-09-02,68.83647226663331
2001-09-03,68.77164394690985
2001-09-04,68.35890788025276
2001-09-05,68.43208658777678
2001-09-06,67.61238605816632
2001-09-07,67.8305060060627
2001-09-08,67.83874728405873
2001-09-09,67.84698956335443
2001-09-10,67.72241764196019
2001-09-11,67.73064578742476
2001-09-12,67.90307663051749
2001-09-13,67.99166450133919
2001-09-14,68.20345844577292
2001-09-15,68.21174503678394
2001-09-16,68.22003263460007
2001-09-17,67.2432754227613
2001-09-18,67.24457172342954
2001-09-19,67.38973724154297
2001-09-20,67.39792496696903
2001-09-21,67.06345025017123
2001-09-22,67.07159833234587
2001-09-23,67.07974740449707
2001-09-24,66.26156672020069
2001-09-25,66.43575430573809
2001-09-26,66.43809789945037
2001-09-27,66.3420900076915
2001-09-28,66.22767379725187
2001-09-29,66.2357203341706
2001-09-30,66.24376784872831
2001-10-01,66.25761511587874
2001-10-02,66.33555277261311
2001-10-03,66.39583781971746
2001-10-04,66.40964215713593
2001-10-05,66.42344936460977
2001-10-06,66.43725944273568
2001-10-07,66.45107239211056
2001-10-08,66.46488821333129
2001-10-09,66.42545206846158
2001-10-10,66.4585389896657
2001-10-11,66.15059290111874
2001-10-12,66.3596891677114
2001-10-13,66.37348598947516
2001-10-14,66.38728567973173
2001-10-15,66.39884685742231
2001-10-16,66.4024350266158
2001-10-17,66.32164988782326
2001-10-18,66.35393399610416
2001-10-19,66.24768843394749
2001-10-20,66.2614619696745
2001-10-21,66.27523836905294
2001-10-22,66.28901763267815
2001-10-23,66.30279976114566
2001-10-24,66.62605339542694
2001-10-25,66.69896146766625
2001-10-26,66.63035449902931
2001-10-27,66.6442075947356
2001-10-28,66.65806357063461
2001-10-29,66.90530619440258
2001-10-30,66.97890379663852
2001-10-31,66.88826796799101
2001-11-01,67.04236980936317
2001-11-02,66.93775509174274
2001-11-03,66.95031283605769
2001-11-04,66.96287293624701
2001-11-05,67.50467225911106
2001-11-06,67.51733635896221
2001-11-07,67.56697403308705
2001-11-08,67.45276293347304
2001-11-09,67.50344767747406
2001-11-10,67.51611154758965
2001-11-11,67.52877779348914
2001-11-12,67.61371970954629
2001-11-13,68.31854376926364
2001-11-14,68.33136055410274
2001-11-15,68.34709415325882
2001-11-16,68.35991629424443
2001-11-17,68.37274084070609
2001-11-18,68.38556779309512
2001-11-19,68.62688220457312
2001-11-20,68.73621163640591
2001-11-21,68.74910677711871
2001-11-22,68.6264874454698
2001-11-23,68.59809781922856
2001-11-24,68.61096704933232
2001-11-25,68.62383869374622
2001-11-26,68.71217442920266
2001-11-27,68.76631680503755
2001-11-28,68.88279879360795
2001-11-29,68.92331187849048
2001-11-30,68.9362421198277
2001-12-01,68.94612171745396
2001-12-02,68.9559770894524
2001-12-03,68.96583387020823
2001-12-04,69.02147006645308
2001-12-05,68.91655412180005
2001-12-06,69.0685624849394
2001-12-07,69.02414100309625
2001-12-08,69.03400752741283
2001-12-09,69.04387546208092
2001-12-10,69.0257203253636
2001-12-11,69.09146092525411
2001-12-12,69.19663880365417
2001-12-13,69.20652998534018
2001-12-14,69.36503746981096
2001-12-15,69.37495272292342
2001-12-16,69.38486939335284
2001-12-17,69.39478748130182
2001-12-18,69.36079273895388
2001-12-19,69.33361565117767
2001-12-20,69.27037541099902
2001-12-21,69.28027713282387
2001-12-22,69.29018027003146
2001-12-23,69.30008482282413
2001-12-24,69.30999079140423
2001-12-25,69.31989817597413
2001-12-26,69.32980697673624
2001-12-27,69.33971719389298
2001-12-28,69.34962882764685
2001-12-29,69.35954187820032
2001-12-30,69.3694563457559
2001-12-31,69.37937223051618
2002-01-01,69.33612128883516
2002-01-02,69.29289730969208
2002-01-03,69.24970027627856
2002-01-04,69.20653017179671
2002-01-05,69.16338697945908
2002-01-06,69.12027068248867
2002-01-07,69.07718126411903
2002-01-08,69.03411870759409
2002-01-09,68.99108299616817
2002-01-10,68.94807411310619
2002-01-11,111.74527685513371
2002-01-12,111.67561510558181
2002-01-13,111.605996783005
2002-01-14,111.53096845612048
2002-01-15,119.52292134843367
2002-01-16,130.84274561031987
2002-01-17,130.70847302688006
2002-01-18,134.02649012401955
2002-01-19,133.9429383171683
2002-01-20,133.859438596322
2002-01-21,133.72304980915416
2002-01-22,133.68265619916568
2002-01-23,133.2822963647161
2002-01-24,133.16351321305018
2002-01-25,133.29986902055066
2002-01-26,133.21677018763046
2002-01-27,133.13372315833223
2002-01-28,139.94604107866397
2002-01-29,138.76002861851867
2002-01-30,138.57025024882097
2002-01-31,138.2873491217398
2002-02-01,138.29981122177227
2002-02-02,138.16171720420724
2002-02-03,138.02376107517236
2002-02-04,137.88594269698427
2002-02-05,137.74826193209705
2002-02-06,137.61071864310227
2002-02-07,137.4733126927285
2002-02-08,137.3360439438416
2002-02-09,137.1989122594441
2002-02-10,137.0619175026756
2002-02-11,129.12825096805142
2002-02-12,123.64538262389524
2002-02-13,114.43189169928407
2002-02-14,120.68457377792687
2002-02-15,120.65250279966347
2002-02-16,120.53202983087421
2002-02-17,120.41167715578686
2002-02-18,133.36887387703825
2002-02-19,140.27244563304515
2002-02-20,140.1061346144261
2002-02-21,133.50035995818484
2002-02-22,140.71647499533995
2002-02-23,140.57596791005886
2002-02-24,140.43560112278493
2002-02-25,139.47619468338988
2002-02-26,139.71078126678955
2002-02-27,142.7890515653577
2002-02-28,143.52036822328714
2002-03-01,139.7491639701446
2002-03-02,139.59337471990014
2002-03-03,139.4377591400363
2002-03-04,136.44968136402778
2002-03-05,136.29747009032147
2002-03-06,142.72623003653771
2002-03-07,146.05167379974432
2002-03-08,148.75045630397986
2002-03-09,148.58452336670888
2002-03-10,148.41877552964098
2002-03-11,155.50790470935928
2002-03-12,158.57940356128452
2002-03-13,156.75742122859367
2002-03-14,156.92190345829184
2002-03-15,152.36530435792025
2002-03-16,152.19533901382323
2002-03-17,152.02556326812794
2002-03-18,156.50698913181128
2002-03-19,159.0200527600596
2002-03-20,163.18879060751686
2002-03-21,156.16966381360493
2002-03-22,191.89938496446752
2002-03-23,191.68531887419232
2002-03-24,191.4714915772358
2002-03-25,204.81419354596036
2002-03-26,188.87357975687453
2002-03-27,194.41954992605176
2002-03-28,194.2026725612105
2002-03-29,193.98603712569894
2002-03-30,193.76964334964188
2002-03-31,193.55349096346526
2002-04-01,192.9534672133102
2002-04-02,190.88576172070262
2002-04-03,190.50617954940085
2002-04-04,172.4623691188245
2002-04-05,176.3404090679317
2002-04-06,175.7937465767199
2002-04-07,175.2487787616228
2002-04-08,174.89599469732224
2002-04-09,177.74376093986615
2002-04-10,177.12261544912914
2002-04-11,180.43581349502128
2002-04-12,181.93755947109426
2002-04-13,181.37354558436712
2002-04-14,180.81128016379145
2002-04-15,183.07865436005818
2002-04-16,173.11399716054896
2002-04-17,172.57733667840748
2002-04-18,172.0423398657429
2002-04-19,193.02076917267243
2002-04-20,192.4223968818896
2002-04-21,191.8258795697183
2002-04-22,191.23121148564866
2002-04-23,190.63838689699799
2002-04-24,190.04740008885486
2002-04-25,189.45824536402446
2002-04-26,188.87091704297347
2002-04-27,188.28540946377535
2002-04-28,187.7017169820558
2002-04-29,175.0925578504629
2002-04-30,176.14806343585215
2002-05-01,175.93665217928188
2002-05-02,182.91615328475163
2002-05-03,188.36317789602865
2002-05-04,188.13716716281934
2002-05-05,187.91142761239686
2002-05-06,187.36933955221738
2002-05-07,186.60069418454754
2002-05-08,185.82883355397772
2002-05-09,184.71624162039123
2002-05-10,187.5059266523892
2002-05-11,187.28094450653055
2002-05-12,187.05623230929095
2002-05-13,187.1806018459868
2002-05-14,184.6961932267015
2002-05-15,185.38304923602286
2002-05-16,185.30701831351294
2002-05-17,195.3724371517311
2002-05-18,195.13801624068694
2002-05-19,194.90387660352332
2002-05-20,202.9921518516511
2002-05-21,202.74858829752026
2002-05-22,196.8923080683633
2002-05-23,192.56153909809166
2002-05-24,192.33049089044513
2002-05-25,192.09971990988407
2002-05-26,191.86922582377295
2002-05-27,191.6390082998752
2002-05-28,197.44249243307883
2002-05-29,203.12365467821283
2002-05-30,202.87993333819952
2002-05-31,202.86147249246946
2002-06-01,202.6384258400551
2002-06-02,202.41562442794455
2002-06-03,203.83117318092957
2002-06-04,203.34218231186188
2002-06-05,202.60688092053542
2002-06-06,202.65464985189138
2002-06-07,202.43183060144273
2002-06-08,202.209256341269
2002-06-09,201.98692680200276
2002-06-10,192.74886299010092
2002-06-11,192.72247299747957
2002-06-12,190.30498390442662
2002-06-13,189.08232414462728
2002-06-14,193.19373443281603
2002-06-15,192.98131748048283
2002-06-16,192.769134081074
2002-06-17,192.5571839777975
2002-06-18,192.2487540860742
2002-06-19,192.8784766293567
2002-06-20,195.58944448728906
2002-06-21,200.09450459416982
2002-06-22,199.8745002292804
2002-06-23,199.65473775969267
2002-06-24,201.02667206432696
2002-06-25,208.43229731537218
2002-06-26,205.68285885462024
2002-06-27,202.37903670006236
2002-06-28,202.5967824146232
2002-06-29,202.37402678955397
2002-06-30,202.1515160848035
2002-07-01,201.78966398756762
2002-07-02,191.6951681225236
2002-07-03,188.5971687957411
2002-07-04,188.4482006009431
2002-07-05,188.2993500724028
2002-07-06,188.15061711717848
2002-07-07,188.00200164240198
2002-07-08,187.85350355527848
2002-07-09,187.7051227630863
2002-07-10,187.55685917317714
2002-07-11,188.3139461041226
2002-07-12,189.38253218113564
2002-07-13,189.23294364740815
2002-07-14,189.0834732699286
2002-07-15,189.6534387601847
2002-07-16,186.52746622195798
2002-07-17,186.66916574869023
2002-07-18,185.32881837160852
2002-07-19,187.80858378018198
2002-07-20,187.66023846899856
2002-07-21,187.51201033207263
2002-07-22,188.1291509726008
2002-07-23,188.77982742687794
2002-07-24,186.79224824237215
2002-07-25,187.11835885899916
2002-07-26,185.67904433707443
2002-07-27,185.5323810959275
2002-07-28,185.38583370041292
2002-07-29,184.68166833255052
2002-07-30,181.7741943704063
2002-07-31,180.86879303248065
2002-08-01,174.95851344227853
2002-08-02,181.18514676055375
2002-08-03,181.08538749164583
2002-08-04,180.98568314949054
2002-08-05,183.11694473778664
2002-08-06,178.3265184303688
2002-08-07,181.16101337814433
2002-08-08,185.4098999142253
2002-08-09,182.81242573081437
2002-08-10,182.71177049353773
2002-08-11,182.6111706763276
2002-08-12,180.29471061311637
2002-08-13,178.28145040229515
2002-08-14,179.27015399252554
2002-08-15,179.25534218390038
2002-08-16,178.66361014402122
2002-08-17,178.56523921545954
2002-08-18,178.46692244924006
2002-08-19,178.36865981554135
2002-08-20,179.2072228290847
2002-08-21,177.35319273574268
2002-08-22,175.70604586940044
2002-08-23,176.61548712775675
2002-08-24,176.51824388133898
2002-08-25,176.4210541763695
2002-08-26,177.3319560890387
2002-08-27,178.4171402962453
2002-08-28,176.35727450554046
2002-08-29,176.54254970633573
2002-08-30,178.62327639865495
2002-08-31,178.52492767757013
2002-09-01,178.47206706757396
2002-09-02,178.61175647530823
2002-09-03,179.0486675542316
2002-09-04,178.3792693299614
2002-09-05,177.25911642803024
2002-09-06,176.01253924950637
2002-09-07,175.96042254898313
2002-09-08,175.90832128003368
2002-09-09,175.22232285183864
2002-09-10,175.54448520825375
2002-09-11,174.9279592852039
2002-09-12,175.17445083263985
2002-09-13,175.23246530496039
2002-09-14,175.18057958161828
2002-09-15,175.1287092214583
2002-09-16,174.91143380341626
2002-09-17,173.57641464067103
2002-09-18,173.42330204534485
2002-09-19,172.51317908739819
2002-09-20,172.30458258587512
2002-09-21,172.25356379841998
2002-09-22,172.2025601174503
2002-09-23,172.179517187753
2002-09-24,169.31375939229636
2002-09-25,167.39177482209968
2002-09-26,174.8535551608026
2002-09-27,170.04651874443343
2002-09-28,169.99616856182595
2002-09-29,169.94583328773237
2002-09-30,169.96051872617141
2002-10-01,171.06021562085658
2002-10-02,173.3580613828639
2002-10-03,172.98321004878412
2002-10-04,172.97131851298786
2002-10-05,172.98938999988817
2002-10-06,173.0074633748393
2002-10-07,174.3876743315049
2002-10-08,170.9765158940403
2002-10-09,169.83939596497663
2002-10-10,167.79898427236697
2002-10-11,167.0823838761218
2002-10-12,167.09984010607627
2002-10-13,167.11729815980152
2002-10-14,167.13475803748796
2002-10-15,165.9241794218377
2002-10-16,164.1630216953644
2002-10-17,162.29024741049304
2002-10-18,167.67362059683745
2002-10-19,167.69113859730246
2002-10-20,167.70865842799182
2002-10-21,164.7055355547682
2002-10-22,163.55170330746833
2002-10-23,163.83244169544253
2002-10-24,163.58717722606758
2002-10-25,165.36116273146425
2002-10-26,165.37843913377077
2002-10-27,165.39571734106022
2002-10-28,165.27662257266473
2002-10-29,163.73141087860427
2002-10-30,163.03636375932646
2002-10-31,163.2254407616649
2002-11-01,163.8153063158529
2002-11-02,163.83699640611684
2002-11-03,163.85868936827376
2002-11-04,167.19066577681883
2002-11-05,165.79022250294747
2002-11-06,165.8121740834917
2002-11-07,167.3035597153559
2002-11-08,168.14419132982655
2002-11-09,168.16645458940428
2002-11-10,168.18872079676578
2002-11-11,168.16112084465112
2002-11-12,166.9685086433558
2002-11-13,165.35160873645555
2002-11-14,166.1148546361531
2002-11-15,165.1787544601062
2002-11-16,165.20062507875906
2002-11-17,165.2224985932078
2002-11-18,165.03856553909515
2002-11-19,165.93551308474736
2002-11-20,166.3695973621553
2002-11-21,165.91818725376947
2002-11-22,164.75369218835033
2002-11-23,164.77550652630967
2002-11-24,164.797323752613
2002-11-25,164.51673050108386
2002-11-26,163.2456600485985
2002-11-27,164.05919124196458
2002-11-28,164.08091362399773
2002-11-29,170.2230246585956
2002-11-30,170.24556316768175
2002-12-01,170.28045287950712
2002-12-02,167.9637224099955
2002-12-03,165.62105101018605
2002-12-04,164.64760704573877
2002-12-05,163.810310361681
2002-12-06,164.09502899570555
2002-12-07,164.1284701803199
2002-12-08,164.16191817996597
2002-12-09,163.7276604573438
2002-12-10,163.28082691565402
2002-12-11,163.48563126252665
2002-12-12,164.01992529887116
2002-12-13,165.20244233903867
2002-12-14,165.23610920516384
2002-12-15,165.2697829323127
2002-12-16,167.31754934022402
2002-12-17,168.33759368030587
2002-12-18,167.33205185367197
2002-12-19,166.1935501284034
2002-12-20,168.4479328066898
2002-12-21,168.48226107643305
2002-12-22,168.51659634198853
2002-12-23,166.27342247234495
2002-12-24,166.09281599478186
2002-12-25,166.1266643115578
2002-12-26,163.21410084659422
2002-12-27,162.96726334239727
2002-12-28,163.00047469787145
2002-12-29,163.03369282154014
2002-12-30,162.67273385714628
2002-12-31,161.97825619667262
2003-01-01,161.95833441360156
2003-01-02,160.74998373050698
2003-01-03,160.93592298575686
2003-01-04,160.91612939974513
2003-01-05,160.896338248156
2003-01-06,160.59281497008104
2003-01-07,159.39000272270567
2003-01-08,161.66789042059415
2003-01-09,163.09107319320287
2003-01-10,164.51433214488384
2003-01-11,164.49409844862097
2003-01-12,164.47386724091007
2003-01-13,163.25644846786668
2003-01-14,159.61567075818363
2003-01-15,158.42363721321703
2003-01-16,159.92662781986564
2003-01-17,157.22456766975472
2003-01-18,157.2052305451054
2003-01-19,157.18589579873824
2003-01-20,155.67586405514692
2003-01-21,150.55682685805024
2003-01-22,149.1012111016596
2003-01-23,151.9232234709922
2003-01-24,151.31938688081516
2003-01-25,151.30077603717066
2003-01-26,151.28216748248272
2003-01-27,158.29548100329265
2003-01-28,158.82593089441858
2003-01-29,158.0430049141052
2003-01-30,156.2314305749962
2003-01-31,154.0480377861133
2003-02-01,154.0673784168103
2003-02-02,154.0867214757108
2003-02-03,153.57838812176036
2003-02-04,153.0805152950254
2003-02-05,150.99006036064586
2003-02-06,151.01494902278802
2003-02-07,151.23006900619765
2003-02-08,151.24905584275172
2003-02-09,151.26804506309077
2003-02-10,149.56116743420748
2003-02-11,148.95056990705407
2003-02-12,148.35099730031123
2003-02-13,150.05143776666242
2003-02-14,151.30677614168334
2003-02-15,151.32577260876826
2003-02-16,151.34477146084723
2003-02-17,150.21662223829674
2003-02-18,151.5766773884772
2003-02-19,152.80345708164867
2003-02-20,153.88862973836436
2003-02-21,153.7359436831242
2003-02-22,153.75524513061004
2003-02-23,153.77454900138002
2003-02-24,151.97352310984274
2003-02-25,151.3816326211242
2003-02-26,152.0493141748812
2003-02-27,153.09342571461647
2003-02-28,153.20828220216004
2003-03-01,153.21060349010386
2003-03-02,153.212924813218
2003-03-03,154.5689540812536
2003-03-04,153.16327118128697
2003-03-05,153.017817040898
2003-03-06,154.24002212882297
2003-03-07,153.49413647733695
2003-03-08,153.49635293985975
2003-03-09,153.49856943438834
2003-03-10,152.26643287275155
2003-03-11,152.36424453817284
2003-03-12,151.53333561997883
2003-03-13,152.0263883627115
2003-03-14,151.48458701093458
2003-03-15,151.48677445546892
2003-03-16,151.48896193159004
2003-03-17,149.94476946052947
2003-03-18,148.0458831705341
2003-03-19,145.0773973082392
2003-03-20,145.94507162026486
2003-03-21,146.38056668298591
2003-03-22,146.38268042522756
2003-03-23,146.38479419799177
2003-03-24,145.4230856626464
2003-03-25,143.3522168508034
2003-03-26,141.36653904257219
2003-03-27,140.35540686781468
2003-03-28,145.91869724253763
2003-03-29,145.92080431536291
2003-03-30,145.92291141861443
2003-03-31,145.92501855229264
2003-04-01,145.997119815307
2003-04-02,143.36898467001572
2003-04-03,143.33682374507
2003-04-04,143.6997491463173
2003-04-05,143.7123176041681
2003-04-06,143.72488716129803
2003-04-07,144.05703298385916
2003-04-08,144.85768989376604
2003-04-09,145.39066628590737
2003-04-10,143.29479683229957
2003-04-11,144.038918217749
2003-04-12,144.05151634045455
2003-04-13,144.06411556503377
2003-04-14,146.18120149481416
2003-04-15,148.37971918302634
2003-04-16,148.0498779009172
2003-04-17,148.06282683549276
2003-04-18,148.07577690262517
2003-04-19,148.08872810241348
2003-04-20,148.10168043495682
2003-04-21,146.5292879616459
2003-04-22,144.65742042018852
2003-04-23,144.7616152895018
2003-04-24,145.97356689549315
2003-04-25,146.26697600901167
2003-04-26,146.27976900505973
2003-04-27,146.2925631200258
2003-04-28,146.42737032124586
2003-04-29,146.9764101461103
2003-04-30,146.58292995054495
2003-05-01,146.6051273499485
2003-05-02,144.50776090510197
2003-05-03,144.52967625416213
2003-05-04,144.55159492679832
2003-05-05,144.3723741474195
2003-05-06,144.75551738491242
2003-05-07,145.22970560496748
2003-05-08,144.65469065206796
2003-05-09,145.99569736898923
2003-05-10,146.01783837130696
2003-05-11,146.0399827314221
2003-05-12,146.04546051243494
2003-05-13,145.7592053198108
2003-05-14,146.99627289532967
2003-05-15,147.93040977430144
2003-05-16,153.6700277250732
2003-05-17,153.69333257926644
2003-05-18,153.71664096776124
2003-05-19,152.58445670337866
2003-05-20,150.3361880094288
2003-05-21,148.624917339916
2003-05-22,150.58056135913785
2003-05-23,153.45818239275803
2003-05-24,153.48145511951137
2003-05-25,153.50473137569404
2003-05-26,152.02046666784284
2003-05-27,150.40131604664293
2003-05-28,150.53020286088156
2003-05-29,152.3536308498503
2003-05-30,149.75553088748003
2003-05-31,149.7782420879895
2003-06-01,149.78115867006304
2003-06-02,149.8553425948095
2003-06-03,149.20925243207122
2003-06-04,149.07592924490427
2003-06-05,150.54680411477523
2003-06-06,149.52560024405298
2003-06-07,149.5285119065156
2003-06-08,149.53142362567607
2003-06-09,149.52725685981792
2003-06-10,149.20051846767288
2003-06-11,150.05198782916503
2003-06-12,150.7180964238615
2003-06-13,150.63419079671698
2003-06-14,150.6371240463961
2003-06-15,150.6400573531934
2003-06-16,150.64299071711005
2003-06-17,149.26738711263192
2003-06-18,148.04686534491927
2003-06-19,148.71057745003665
2003-06-20,148.39730216374042
2003-06-21,148.40019185522848
2003-06-22,148.40308160298648
2003-06-23,147.91669694526018
2003-06-24,146.80956445190677
2003-06-25,147.06024147954045
2003-06-26,147.08966945063676
2003-06-27,148.6776894311076
2003-06-28,148.68058458248393
2003-06-29,148.68347979023662
2003-06-30,148.8078764521628
2003-07-01,149.1230002780406
2003-07-02,149.23546680244795
2003-07-03,148.53178771790186
2003-07-04,148.5191634926527
2003-07-05,148.50614844114457
2003-07-06,148.49313453017325
2003-07-07,146.529637045116
2003-07-08,145.85840893009726
2003-07-09,145.8456270461944
2003-07-10,145.4401755217778
2003-07-11,144.95395262448997
2003-07-12,144.94125000002492
2003-07-13,144.92854848871798
2003-07-14,145.78361555090692
2003-07-15,145.60049412007058
2003-07-16,146.23799974479414
2003-07-17,146.41624614385148
2003-07-18,147.03700655167256
2003-07-19,147.02412138474287
2003-07-20,147.01123734696785
2003-07-21,147.0674966737382
2003-07-22,145.97411966965487
2003-07-23,146.23140112159032
2003-07-24,147.76938344524805
2003-07-25,148.68565684135103
2003-07-26,148.6726271996752
2003-07-27,148.6595986998147
2003-07-28,149.2199116813289
2003-07-29,149.0588976494473
2003-07-30,151.3119778010241
2003-07-31,151.35702601576767
2003-08-01,151.61234083472377
2003-08-02,151.62793530218997
2003-08-03,151.64353137366427
2003-08-04,152.1199575408429
2003-08-05,151.78333541145116
2003-08-06,150.72321027339945
2003-08-07,152.12032275684155
2003-08-08,152.00452179491367
2003-08-09,152.02015660113585
2003-08-10,152.03579301551534
2003-08-11,151.33403900831814
2003-08-12,150.08431347639828
2003-08-13,149.4814642307802
2003-08-14,149.786602350255
2003-08-15,149.82214323491493
2003-08-16,149.83755356711833
2003-08-17,149.8529654843901
2003-08-18,149.86837898689325
2003-08-19,149.42646321344958
2003-08-20,150.50375412964212
2003-08-21,151.50577022620547
2003-08-22,151.7375232469259
2003-08-23,151.753130590343
2003-08-24,151.76873953909256
2003-08-25,150.3871484484743
2003-08-26,151.08282089685204
2003-08-27,152.43248144710785
2003-08-28,152.15641611210867
2003-08-29,152.45525746716544
2003-08-30,152.47093863493535
2003-08-31,152.4866214156312
2003-09-01,152.73574653293065
2003-09-02,153.5121640861758
2003-09-03,153.8570539831438
2003-09-04,153.35121526893371
2003-09-05,152.96146361621842
2003-09-06,152.9760170092241
2003-09-07,152.99057178690046
2003-09-08,153.19825707101091
2003-09-09,153.84925102574206
2003-09-10,153.94607838668702
2003-09-11,151.9446946422467
2003-09-12,152.67601109687283
2003-09-13,152.69053733073272
2003-09-14,152.7050649466792
2003-09-15,152.3238300937429
2003-09-16,151.92764493735794
2003-09-17,153.0822940472582
2003-09-18,153.16379543591097
2003-09-19,153.62104760752632
2003-09-20,153.63566375610995
2003-09-21,153.65028129533502
2003-09-22,154.20908915642474
2003-09-23,153.40544059138864
2003-09-24,153.18802286992695
2003-09-25,153.01202779494884
2003-09-26,153.46191571394954
2003-09-27,153.47651672205967
2003-09-28,153.49111911937072
2003-09-29,154.3357042842596
2003-09-30,155.084660039868
2003-10-01,154.9223988172218
2003-10-02,154.89385910416374
2003-10-03,153.44188980350805
2003-10-04,153.41861265042724
2003-10-05,153.3953390284933
2003-10-06,152.9684439793355
2003-10-07,153.9971292368191
2003-10-08,153.535693216405
2003-10-09,152.44506366701967
2003-10-10,152.57707354560546
2003-10-11,152.55392758525468
2003-10-12,152.53078513614886
2003-10-13,152.50764619775532
2003-10-14,152.24898078164165
2003-10-15,152.17747985267914
2003-10-16,152.03438597560114
2003-10-17,151.8736808485516
2003-10-18,151.85064159295726
2003-10-19,151.82760583242083
2003-10-20,152.240429875675
2003-10-21,152.33450617338966
2003-10-22,152.79697246111232
2003-10-23,152.50052175585034
2003-10-24,152.2221612806248
2003-10-25,152.19906916050715
2003-10-26,152.17598054346692
2003-10-27,151.95247092207185
2003-10-28,152.37266051386305
2003-10-29,152.7736447857028
2003-10-30,153.42746333618763
2003-10-31,152.8092722372478
2003-11-01,152.8073179420169
2003-11-02,152.80536367177967
2003-11-03,152.07789026178625
2003-11-04,152.06346229253535
2003-11-05,151.77491920644877
2003-11-06,151.77297813967692
2003-11-07,151.7232894944223
2003-11-08,151.72134908794865
2003-11-09,151.71940870629115
2003-11-10,151.514067536814
2003-11-11,152.038345274171
2003-11-12,151.8175780196182
2003-11-13,152.09251757348756
2003-11-14,152.34321751178837
2003-11-15,152.34126917698455
2003-11-16,152.3393208670982
2003-11-17,152.2301836159184
2003-11-18,152.31631368131835
2003-11-19,152.99974028461446
2003-11-20,153.22745355004747
2003-11-21,154.14137600249435
2003-11-22,154.1394046708363
2003-11-23,154.1374333643898
2003-11-24,154.04605159900157
2003-11-25,155.12236226753876
2003-11-26,158.3697548779356
2003-11-27,157.81904007865901
2003-11-28,159.416461191168
2003-11-29,159.41442239584308
2003-11-30,159.4123836265926
2003-12-01,159.13483985605075
2003-12-02,159.41576454443788
2003-12-03,159.29893267680288
2003-12-04,159.2179774669337
2003-12-05,159.18297764722635
2003-12-06,159.19198872641886
2003-12-07,159.20100031571326
2003-12-08,159.21001241513852
2003-12-09,158.27608747076164
2003-12-10,158.013452066131
2003-12-11,158.59826414400234
2003-12-12,159.4689420221189
2003-12-13,159.47796928927113
2003-12-14,159.48699706744165
2003-12-15,160.07398701816004
2003-12-16,160.1810089561207
2003-12-17,160.26289592163397
2003-12-18,160.6879336033827
2003-12-19,160.63862677248943
2003-12-20,160.64772025351746
2003-12-21,160.65681424931205
2003-12-22,160.4554235897967
2003-12-23,160.47197692108838
2003-12-24,160.84388923001868
2003-12-25,160.85299433060732
2003-12-26,160.36560565145328
2003-12-27,160.37468367721732
2003-12-28,160.38376221687304
2003-12-29,160.61447581237368
2003-12-30,160.0051415254902
2003-12-31,159.95132745910695
2004-01-01,159.9526770656533
2004-01-02,160.01208911290715
2004-01-03,160.01343923213642
2004-01-04,160.01478936275748
2004-01-05,158.87937475348159
2004-01-06,158.17828862733722
2004-01-07,159.23920038549713
2004-01-08,160.05821030850132
2004-01-09,160.6695040053262
2004-01-10,160.6708596715644
2004-01-11,160.6722153492412
2004-01-12,158.76868573424298
2004-01-13,159.07118952095507
2004-01-14,159.37894108736003
2004-01-15,158.45504947766344
2004-01-16,158.30975204468024
2004-01-17,158.3110878002572
2004-01-18,158.3124235671048
2004-01-19,158.59054308042823
2004-01-20,159.59496205562886
2004-01-21,160.57665777215894
2004-01-22,160.15646113398128
2004-01-23,160.2531034433335
2004-01-24,160.25445559614712
2004-01-25,160.25580776036972
2004-01-26,160.0450476366082
2004-01-27,160.11588383046714
2004-01-28,159.98474289892002
2004-01-29,159.82047662409582
2004-01-30,159.5355019229423
2004-01-31,159.5368480209159
2004-02-01,159.55387599586905
2004-02-02,158.9489176432809
2004-02-03,160.08592149090836
2004-02-04,160.57557781906468
2004-02-05,161.13746218192634
2004-02-06,161.522765505251
2004-02-07,161.54000544473527
2004-02-08,161.55724722430392
2004-02-09,160.57823258698076
2004-02-10,160.82035211885548
2004-02-11,161.79210097589916
2004-02-12,161.5427435813484
2004-02-13,160.64933889394626
2004-02-14,160.66648560928425
2004-02-15,160.68363415475642
2004-02-16,160.59487504020967
2004-02-17,161.45278768770507
2004-02-18,161.3071888269458
2004-02-19,160.72856771068035
2004-02-20,159.25020324182816
2004-02-21,159.26720062209316
2004-02-22,159.2841998165532
2004-02-23,159.27503383021758
2004-02-24,159.40680265820194
2004-02-25,159.25649366017268
2004-02-26,159.28848922230827
2004-02-27,159.62863799440555
2004-02-28,159.64567576645192
2004-02-29,159.66271535700457
2004-03-01,159.87136664278256
2004-03-02,158.61571911146163
2004-03-03,157.89373378135247
2004-03-04,158.89484054318973
2004-03-05,160.28469437936636
2004-03-06,160.26992244422897
2004-03-07,160.25515187048214
2004-03-08,160.304584052092
2004-03-09,159.22761084785571
2004-03-10,158.5332321138566
2004-03-11,158.24346578369045
2004-03-12,157.87675591056217
2004-03-13,157.86220589250192
2004-03-14,157.84765721538014
2004-03-15,157.46177186217054
2004-03-16,157.1881325492035
2004-03-17,156.35990180797162
2004-03-18,156.95087334960823
2004-03-19,156.12558322223666
2004-03-20,156.11119459331871
2004-03-21,156.09680729046562
2004-03-22,155.68952342078967
2004-03-23,155.8147481656611
2004-03-24,155.32320526499143
2004-03-25,155.1254485665456
2004-03-26,154.96787058414196
2004-03-27,154.95358865072652
2004-03-28,154.93930803354272
2004-03-29,154.5699205802774
2004-03-30,154.33083127609302
2004-03-31,155.11822024551674
2004-04-01,154.7743522911133
2004-04-02,154.06336413236843
2004-04-03,154.03884576327988
2004-04-04,154.01433129616004
2004-04-05,153.98982073038792
2004-04-06,153.0835630912459
2004-04-07,152.10356430958433
2004-04-08,152.0793578322662
2004-04-09,152.05515520728085
2004-04-10,152.03095643401517
2004-04-11,152.00676151185615
2004-04-12,151.78901314494823
2004-04-13,151.5349705382695
2004-04-14,151.06613047682714
2004-04-15,150.75791824415316
2004-04-16,151.49274362469535
2004-04-17,151.46863435625676
2004-04-18,151.4445289246806
2004-04-19,151.8025217276209
2004-04-20,151.73586644812568
2004-04-21,152.04501395422454
2004-04-22,152.71110761939877
2004-04-23,152.24561174529816
2004-04-24,152.22138266188236
2004-04-25,152.19715743439696
2004-04-26,151.22984572286754
2004-04-27,151.35228049499057
2004-04-28,151.44588996962787
2004-04-29,151.61835225366036
2004-04-30,151.16485227938415
2004-05-01,151.1501751295202
2004-05-02,151.13542330170918
2004-05-03,150.97963885638654
2004-05-04,151.96799626585906
2004-05-05,152.69255817619575
2004-05-06,153.13466181068475
2004-05-07,152.400418224596
2004-05-08,152.3855443766097
2004-05-09,152.37067198026875
2004-05-10,151.8732227812194
2004-05-11,151.29011077800277
2004-05-12,151.68963663618874
2004-05-13,151.46778676237008
2004-05-14,151.36205960940376
2004-05-15,151.34728710226926
2004-05-16,151.33251603688953
2004-05-17,151.46465372545242
2004-05-18,151.1011482616809
2004-05-19,151.4880203152036
2004-05-20,151.70485422241555
2004-05-21,152.7171331342671
2004-05-22,152.70222837580513
2004-05-23,152.68732507200525
2004-05-24,153.12602250519635
2004-05-25,153.11107784029304
2004-05-26,153.68058361726423
2004-05-27,155.17248596143415
2004-05-28,155.41611062966808
2004-05-29,155.40094245866788
2004-05-30,155.38577576803817
2004-05-31,155.0465836116107
2004-06-01,154.29374787674647
2004-06-02,153.70198930938847
2004-06-03,154.7486820300329
2004-06-04,155.16901346146923
2004-06-05,155.15923865426288
2004-06-06,155.14946446281633
2004-06-07,155.80589833146692
2004-06-08,155.26523540770378
2004-06-09,154.42692790463835
2004-06-10,154.80065224716492
2004-06-11,153.9873253379935
2004-06-12,153.97762497073694
2004-06-13,153.967925214551
2004-06-14,153.49732914421492
2004-06-15,153.88725789957354
2004-06-16,153.18007187042846
2004-06-17,154.05972708117613
2004-06-18,154.44038129502854
2004-06-19,154.43065238770117
2004-06-20,154.4209240932423
2004-06-21,154.41119641161325
2004-06-22,153.92535000023818
2004-06-23,153.44599094149396
2004-06-24,154.1425623533762
2004-06-25,154.3560381020094
2004-06-26,154.34631450784624
2004-06-27,154.3365915262169
2004-06-28,154.56189869954693
2004-06-29,154.47641141915267
2004-06-30,154.07633494719587
2004-07-01,154.5882736293888
2004-07-02,154.48354723969047
2004-07-03,154.482682247966
2004-07-04,154.48181726108487
2004-07-05,154.10303149352512
2004-07-06,154.99772272703228
2004-07-07,155.94595471980554
2004-07-08,156.29612787314454
2004-07-09,156.29525273233128
2004-07-10,156.29437759641812
2004-07-11,156.29350246540503
2004-07-12,156.232489934846
2004-07-13,155.41998771639027
2004-07-14,155.95168723207365
2004-07-15,155.83186089233766
2004-07-16,156.62897932663535
2004-07-17,156.62810232210416
2004-07-18,156.62722532248355
2004-07-19,156.9541527933526
2004-07-20,156.71643938929233
2004-07-21,155.58031879603473
2004-07-22,155.9562538329574
2004-07-23,155.71824391257664
2004-07-24,155.71737200747904
2004-07-25,155.7165001072635
2004-07-26,155.84707432316452
2004-07-27,155.29940015431646
2004-07-28,155.63804642989214
2004-07-29,156.01912448612677
2004-07-30,156.13459702803672
2004-07-31,156.13372279167476
2004-08-01,156.14232302156827
2004-08-02,156.33462478647343
2004-08-03,156.85310795530768
2004-08-04,158.1930452574807
2004-08-05,159.94282128461307
2004-08-06,161.23563408500186
2004-08-07,161.24451534073165
2004-08-08,161.2533970856629
2004-08-09,159.6632516850945
2004-08-10,159.46924914854958
2004-08-11,159.24402160674055
2004-08-12,158.667483317697
2004-08-13,159.56177936295825
2004-08-14,159.57056841864852
2004-08-15,159.5793579584616
2004-08-16,159.58814798242418
2004-08-17,159.91129630694846
2004-08-18,160.07310971756556
2004-08-19,160.19656705041893
2004-08-20,160.0605666631633
2004-08-21,160.0693831932862
2004-08-22,160.07820020904532
2004-08-23,159.83511987121096
2004-08-24,158.8076425225486
2004-08-25,158.7964806143248
2004-08-26,159.52187707681034
2004-08-27,159.34650366460005
2004-08-28,159.35528086237474
2004-08-29,159.36405854361914
2004-08-30,159.6460215839421
2004-08-31,159.94682435779478
2004-09-01,160.2222739722476
2004-09-02,159.86534822944435
2004-09-03,159.4315875243111
2004-09-04,159.39957690540933
2004-09-05,159.36757271358852
2004-09-06,159.04542645553872
2004-09-07,159.54941617619468
2004-09-08,160.3625239451622
2004-09-09,160.4026599394188
2004-09-10,161.21377520103798
2004-09-11,161.18140675511196
2004-09-12,161.14904480811137
2004-09-13,160.33232666179603
2004-09-14,159.708143287097
2004-09-15,158.91484546108404
2004-09-16,159.94644406097146
2004-09-17,160.37583198167295
2004-09-18,160.3436317776962
2004-09-19,160.31143803886525
2004-09-20,160.62674162138347
2004-09-21,161.057298248962
2004-09-22,160.67841037225784
2004-09-23,160.80590864048636
2004-09-24,160.7901427014029
2004-09-25,160.75785931226338
2004-09-26,160.72558240497156
2004-09-27,160.6962924878208
2004-09-28,160.54783130450457
2004-09-29,160.45385251093117
2004-09-30,160.49937059462133
2004-10-01,160.87811533637176
2004-10-02,160.86819645706143
2004-10-03,160.8582781892959
2004-10-04,160.07775042214865
2004-10-05,160.70001465642176
2004-10-06,160.05218025060702
2004-10-07,160.1373760858785
2004-10-08,161.02132476518835
2004-10-09,161.01139705635492
2004-10-10,161.00146995961063
2004-10-11,160.9915434749177
2004-10-12,161.0284408032707
2004-10-13,159.97831219386336
2004-10-14,159.8765618709584
2004-10-15,159.79421443293927
2004-10-16,159.78436238112886
2004-10-17,159.774510936743
2004-10-18,159.23083236926854
2004-10-19,159.2839252656247
2004-10-20,159.29516445989645
2004-10-21,159.79989451835607
2004-10-22,160.3212819156629
2004-10-23,160.31139736770638
2004-10-24,160.30151342917793
2004-10-25,160.4471968912407
2004-10-26,160.75555682555367
2004-10-27,160.890057814201
2004-10-28,161.23463419860218
2004-10-29,161.07855719369238
2004-10-30,161.06862595621521
2004-10-31,161.05869533104476
2004-11-01,160.74358277278034
2004-11-02,160.37634562592805
2004-11-03,161.13847929076942
2004-11-04,161.78463243234754
2004-11-05,162.17449966818648
2004-11-06,162.18990741890568
2004-11-07,162.20531663347276
2004-11-08,162.41790091562797
2004-11-09,162.44832288725297
2004-11-10,162.35680971520284
2004-11-11,162.21407684258492
2004-11-12,162.99246799594744
2004-11-13,163.0079534595754
2004-11-14,163.02344039443446
2004-11-15,162.56108488736052
2004-11-16,162.80306751046498
2004-11-17,162.62432372988707
2004-11-18,162.30542363705885
2004-11-19,162.88856645166567
2004-11-20,162.90404204389526
2004-11-21,162.91951910641802
2004-11-22,163.66015747626005
2004-11-23,163.61423756782486
2004-11-24,163.83196312851467
2004-11-25,163.9043149385293
2004-11-26,164.62446446077496
2004-11-27,164.64010497587373
2004-11-28,164.6557469769346
2004-11-29,164.7617605245457
2004-11-30,165.00303157706492
2004-12-01,165.53538749343758
2004-12-02,165.74895217717724
2004-12-03,167.72580972075602
2004-12-04,167.7050249379046
2004-12-05,167.68424273072824
2004-12-06,168.01297196649685
2004-12-07,167.0749198850183
2004-12-08,167.05421576121333
2004-12-09,165.3176201994787
2004-12-10,165.22622127734635
2004-12-11,165.20574624648296
2004-12-12,165.18527375290986
2004-12-13,165.76262834027432
2004-12-14,165.83826506822393
2004-12-15,166.94165688171643
2004-12-16,167.05637516471313
2004-12-17,167.04402146962718
2004-12-18,167.02332117479088
2004-12-19,167.00262344515974
2004-12-20,167.2025233822684
2004-12-21,166.86706887060316
2004-12-22,166.65228309536045
2004-12-23,166.66392033661612
2004-12-24,166.67213864497845
2004-12-25,166.6514844343063
2004-12-26,166.6308327831286
2004-12-27,167.45872431960422
2004-12-28,168.32056300845414
2004-12-29,168.84239783974587
2004-12-30,169.3334167991878
2004-12-31,169.352896217811
2005-01-01,169.28278431231195
2005-01-02,169.2127014330616
2005-01-03,167.53923805042064
2005-01-04,165.90664144857197
2005-01-05,166.37775518310437
2005-01-06,165.05178335343638
2005-01-07,165.1382056689539
2005-01-08,165.06983864052557
2005-01-09,165.00149991596885
2005-01-10,165.37736698857654
2005-01-11,164.66568104037543
2005-01-12,164.70978477546402
2005-01-13,163.8663686476604
2005-01-14,163.17525948607727
2005-01-15,163.10770511512538
2005-01-16,163.04017871160582
2005-01-17,162.5427358404134
2005-01-18,162.26562976869826
2005-01-19,162.68175633953214
2005-01-20,162.35683496868555
2005-01-21,163.25754718227245
2005-01-22,163.18995874430834
2005-01-23,163.12239828788034
2005-01-24,162.6674731353978
2005-01-25,161.43298326931793
2005-01-26,162.13382507980762
2005-01-27,162.11249768186735
2005-01-28,162.4320962312414
2005-01-29,162.3648495290277
2005-01-30,162.2976306668719
2005-01-31,163.05501440753957
2005-02-01,163.0706040576655
2005-02-02,163.00189928362562
2005-02-03,162.86878211686295
2005-02-04,162.41628812226014
2005-02-05,162.39851478943964
2005-02-06,162.380743401568
2005-02-07,162.07705092453784
2005-02-08,161.12929654607078
2005-02-09,161.61096681188926
2005-02-10,161.88967770802796
2005-02-11,161.86245471769004
2005-02-12,161.8447419912628
2005-02-13,161.82703120315216
2005-02-14,162.52669012400435
2005-02-15,162.39066583758927
2005-02-16,161.56438884041674
2005-02-17,162.8154360205975
2005-02-18,163.46580094808814
2005-02-19,163.44791276631403
2005-02-20,163.43002654205668
2005-02-21,163.23900103665974
2005-02-22,163.65760946897169
2005-02-23,164.5008675000013
2005-02-24,163.76628639623226
2005-02-25,163.47218814114706
2005-02-26,163.4542992604177
2005-02-27,163.43641233728164
2005-02-28,164.581337645315
2005-03-01,164.18412174295685
2005-03-02,164.01949052599008
2005-03-03,162.24307155546703
2005-03-04,162.5956084993314
2005-03-05,162.53286338582222
2005-03-06,162.4701424854471
2005-03-07,161.77690420438492
2005-03-08,161.55858415016405
2005-03-09,161.77277128506267
2005-03-10,161.1845478966337
2005-03-11,160.95880416576085
2005-03-12,160.89669068969036
2005-03-13,160.83460118300718
2005-03-14,159.09706717215292
2005-03-15,158.60957162992258
2005-03-16,159.54836384582242
2005-03-17,159.43990077333063
2005-03-18,159.66053316638644
2005-03-19,159.59892068884835
2005-03-20,159.5373319873638
2005-03-21,158.7388848094229
2005-03-22,158.90113653193256
2005-03-23,157.41521393399864
2005-03-24,157.35446791780842
2005-03-25,157.29374534330717
2005-03-26,157.23304620144881
2005-03-27,157.1723704831907
2005-03-28,157.27768987534577
2005-03-29,157.86304788871962
2005-03-30,158.56725679782596
2005-03-31,158.60389484732264
2005-04-01,158.68531994479343
2005-04-02,158.68939760940205
2005-04-03,158.69347537879258
2005-04-04,158.2240510345018
2005-04-05,158.74789396346867
2005-04-06,158.95507426697623
2005-04-07,158.25960261709798
2005-04-08,159.1072053957005
2005-04-09,159.11129390130802
2005-04-10,159.11538251197598
2005-04-11,159.3593727313788
2005-04-12,158.5885471441852
2005-04-13,158.91958015382195
2005-04-14,158.68719117016542
2005-04-15,159.05253394035546
2005-04-16,159.05662104109538
2005-04-17,159.06070824685966
2005-04-18,159.25054782952375
2005-04-19,160.19801033631546
2005-04-20,160.4901605315217
2005-04-21,160.86004403985902
2005-04-22,161.1192985942627
2005-04-23,161.12343880371546
2005-04-24,161.12757911955725
2005-04-25,161.2518512411655
2005-04-26,160.64864645457357
2005-04-27,161.08824927247758
2005-04-28,160.64143615645858
2005-04-29,161.29763208873774
2005-04-30,161.3017768807453
2005-05-01,161.28469125335948
2005-05-02,160.9350802319592
2005-05-03,161.1680446468853
2005-05-04,162.2495034516881
2005-05-05,162.01522569051957
2005-05-06,162.13502947774532
2005-05-07,162.11780211990148
2005-05-08,162.10057659251865
2005-05-09,162.1161027731263
2005-05-10,161.78976657606927
2005-05-11,161.2000840064397
2005-05-12,161.28991784427376
2005-05-13,160.7819831144983
2005-05-14,160.7648995220946
2005-05-15,160.74781774487641
2005-05-16,160.06129438670578
2005-05-17,159.97656950531763
2005-05-18,160.68800299449134
2005-05-19,160.70874686053088
2005-05-20,160.44997630363738
2005-05-21,160.4329279880036
2005-05-22,160.41588148380708
2005-05-23,160.88687325210503
2005-05-24,160.81755844809734
2005-05-25,160.80047107570235
2005-05-26,160.96302302850367
2005-05-27,161.67942606914033
2005-05-28,161.6622471205944
2005-05-29,161.64506999736594
2005-05-30,161.57127047248588
2005-05-31,160.2552115475347
2005-06-01,159.60347523426105
2005-06-02,160.10915442415964
2005-06-03,160.24135184774332
2005-06-04,160.19510179088655
2005-06-05,160.148865083067
2005-06-06,159.23663097057718
2005-06-07,159.3142499506418
2005-06-08,159.42524750429635
2005-06-09,158.19825174520622
2005-06-10,158.33579537835308
2005-06-11,158.29009531744956
2005-06-12,158.24440844683926
2005-06-13,157.81387453258088
2005-06-14,156.93808351540778
2005-06-15,157.94763990690782
2005-06-16,158.29809129442808
2005-06-17,159.38032520692133
2005-06-18,159.3343236660103
2005-06-19,159.28833540240788
2005-06-20,159.24236041228193
2005-06-21,159.01426219097866
2005-06-22,158.58514332140814
2005-06-23,158.24100281785425
2005-06-24,158.8936871833499
2005-06-25,158.84782609954308
2005-06-26,158.80197825250514
2005-06-27,159.6599826073148
2005-06-28,159.8382058569649
2005-06-29,160.32902460471374
2005-06-30,159.90864833290098
2005-07-01,159.16774827308794
2005-07-02,159.13883266554956
2005-07-03,159.10992231103737
2005-07-04,159.01900968968064
2005-07-05,158.45030024442693
2005-07-06,157.73346346669163
2005-07-07,157.74582948127707
2005-07-08,157.46421567018518
2005-07-09,157.43560953916267
2005-07-10,157.40700860494454
2005-07-11,158.35344718965365
2005-07-12,159.4253139722116
2005-07-13,158.3668786992
2005-07-14,158.32869282814553
2005-07-15,158.0929999462294
2005-07-16,158.06427958553695
2005-07-17,158.0355644424007
2005-07-18,158.5913579097366
2005-07-19,157.9126870724838
2005-07-20,157.82938141918783
2005-07-21,158.8450054195331
2005-07-22,157.61683350790614
2005-07-23,157.588199651182
2005-07-24,157.55957099629913
2005-07-25,156.02087517368514
2005-07-26,155.73694345754575
2005-07-27,156.0568792778931
2005-07-28,156.9948588987776
2005-07-29,157.44247882876692
2005-07-30,157.41387664662207
2005-07-31,157.38527966056435
2005-08-01,157.81203252291328
2005-08-02,158.18443390894748
2005-08-03,159.75479586880545
2005-08-04,160.4420969825382
2005-08-05,160.24691046551922
2005-08-06,160.24051669948506
2005-08-07,160.23412318855878
2005-08-08,160.06371946120052
2005-08-09,160.71241745381562
2005-08-10,161.73480073118117
2005-08-11,160.45772815226485
2005-08-12,160.42722615888673
2005-08-13,160.42082519835284
2005-08-14,160.4144244932139
2005-08-15,160.40802404345962
2005-08-16,160.86358070438868
2005-08-17,160.74033870668555
2005-08-18,159.87140352621083
2005-08-19,158.96186373160833
2005-08-20,158.95552123825172
2005-08-21,158.94917899795718
2005-08-22,160.14338328644854
2005-08-23,159.65624828939914
2005-08-24,159.22598001349826
2005-08-25,160.10270496750454
2005-08-26,159.8193750909673
2005-08-27,159.81299838336597
2005-08-28,159.80662193019194
2005-08-29,160.3960788784166
2005-08-30,160.52583289480737
2005-08-31,161.4542518526661
2005-09-01,161.9243372988122
2005-09-02,162.84073278593536
2005-09-03,162.80173754650068
2005-09-04,162.76275164520072
2005-09-05,162.5637795649955
2005-09-06,162.50134605833964
2005-09-07,162.09051657591374
2005-09-08,162.09429543857203
2005-09-09,162.81255219555314
2005-09-10,162.77356370448447
2005-09-11,162.73458454993445
2005-09-12,162.25031663706196
2005-09-13,162.0538543589329
2005-09-14,161.88023170954182
2005-09-15,162.40854058601943
2005-09-16,162.24491066526463
2005-09-17,162.20605810650858
2005-09-18,162.16721485171962
2005-09-19,161.8619125920439
2005-09-20,162.03953063967717
2005-09-21,162.71068309376236
2005-09-22,162.11926980193198
2005-09-23,161.93253990524462
2005-09-24,161.89376214947166
2005-09-25,161.8549936797528
2005-09-26,162.12497508435064
2005-09-27,161.8796974715409
2005-09-28,162.52167352582185
2005-09-29,163.19162406284423
2005-09-30,162.7003878728695
2005-10-01,162.6777210345877
2005-10-02,162.65506817391127
2005-10-03,162.2087471098775
2005-10-04,161.87053447969438
2005-10-05,162.00786160810802
2005-10-06,162.58723468741272
2005-10-07,163.6114991926152
2005-10-08,163.58871630339902
2005-10-09,163.5659365866985
2005-10-10,163.54316004207186
2005-10-11,164.28852526878975
2005-10-12,164.69088509978488
2005-10-13,165.02359901574292
2005-10-14,165.3821216996565
2005-10-15,165.35909225138656
2005-10-16,165.33606600996563
2005-10-17,165.1156244889131
2005-10-18,164.74607746259736
2005-10-19,164.74393854982705
2005-10-20,165.29558281056137
2005-10-21,164.56271585660744
2005-10-22,164.53980051054086
2005-10-23,164.51688835543447
2005-10-24,164.549093007577
2005-10-25,165.41837739320795
2005-10-26,165.42812564865295
2005-10-27,166.40000399832923
2005-10-28,166.6852266917747
2005-10-29,166.6620157862306
2005-10-30,166.6388081128034
2005-10-31,166.02123381746568
2005-11-01,165.64831004829318
2005-11-02,165.46722568355253
2005-11-03,165.4623281266666
2005-11-04,165.13593217654164
2005-11-05,165.07473582761642
2005-11-06,165.01356215693608
2005-11-07,164.6693453794009
2005-11-08,164.25822992726265
2005-11-09,164.95444404852788
2005-11-10,165.18338695167472
2005-11-11,164.96567306514288
2005-11-12,164.90453981112282
2005-11-13,164.84342921196594
2005-11-14,163.3589457904813
2005-11-15,162.84783962621924
2005-11-16,162.82228290601765
2005-11-17,162.64573630760398
2005-11-18,161.59196740777685
2005-11-19,161.53208438722123
2005-11-20,161.47222355821512
2005-11-21,161.38466655376072
2005-11-22,161.01201143110154
2005-11-23,161.64999232117657
2005-11-24,161.93065915285973
2005-11-25,162.58515860970354
2005-11-26,162.52490753069725
2005-11-27,162.4646787796362
2005-11-28,164.61664941294558
2005-11-29,164.01175691774904
2005-11-30,163.36652525184059
2005-12-01,163.29931043467042
2005-12-02,163.68950327786217
2005-12-03,163.6450760712779
2005-12-04,163.60066092274653
2005-12-05,165.47853826740868
2005-12-06,165.63281449150688
2005-12-07,164.36551394880271
2005-12-08,164.32090326517726
2005-12-09,164.32834455697872
2005-12-10,164.28374396155206
2005-12-11,164.239155471238
2005-12-12,164.67854162848346
2005-12-13,163.80488842824897
2005-12-14,163.34335027829934
2005-12-15,163.55415472313433
2005-12-16,163.92288551609778
2005-12-17,163.87839496690015
2005-12-18,163.83391649294737
2005-12-19,162.27605707692308
2005-12-20,162.84194099041792
2005-12-21,163.55889745282653
2005-12-22,162.66084156801074
2005-12-23,162.9975661429595
2005-12-24,162.95332673604116
2005-12-25,162.90909933620475
2005-12-26,162.62814023642454
2005-12-27,162.07434571255587
2005-12-28,162.72050337946072
2005-12-29,162.66533039234216
2005-12-30,162.51113687070415
2005-12-31,162.46702948626336
2006-01-01,162.42267431892947
2006-01-02,162.27562055619748
2006-01-03,162.94266086693523
2006-01-04,164.67209777035632
2006-01-05,165.08012077318782
2006-01-06,165.92420846423738
2006-01-07,165.87890945154265
2006-01-08,165.83362280594352
2006-01-09,166.54143609260066
2006-01-10,166.0325356794675
2006-01-11,165.2768152137783
2006-01-12,164.67872178930477
2006-01-13,164.59529194987553
2006-01-14,164.55035574503512
2006-01-15,164.50543180824008
2006-01-16,164.45283031639062
2006-01-17,163.6020946631155
2006-01-18,163.2967530219409
2006-01-19,162.97351404781523
2006-01-20,163.9679192182689
2006-01-21,163.92315429262635
2006-01-22,163.87840158826816
2006-01-23,165.0430594172469
2006-01-24,165.40962262931947
2006-01-25,165.83118019536482
2006-01-26,166.39508620077146
2006-01-27,166.49201340764307
2006-01-28,166.4465593783683
2006-01-29,166.40111775851022
2006-01-30,166.58394550364233
2006-01-31,167.11130716799144
2006-02-01,166.49927406171093
2006-02-02,166.42279071339362
2006-02-03,166.38467059653715
2006-02-04,166.3860989238151
2006-02-05,166.38752726335443
2006-02-06,167.19119116029802
2006-02-07,167.19605542624944
2006-02-08,167.03522888017864
2006-02-09,167.3095937339064
2006-02-10,167.55435334272357
2006-02-11,167.55579171112953
2006-02-12,167.55723009188307
2006-02-13,167.68185193048592
2006-02-14,168.12787364101166
2006-02-15,168.17312821948775
2006-02-16,168.61717080570145
2006-02-17,168.3662438799734
2006-02-18,168.36768921804423
2006-02-19,168.36913456852255
2006-02-20,168.27268332100752
2006-02-21,168.64911979326104
2006-02-22,168.62871099686353
2006-02-23,168.48929330619683
2006-02-24,168.71307709294524
2006-02-25,168.71452540840176
2006-02-26,168.71597373629132
2006-02-27,168.25623435265004
2006-02-28,169.29424472361353
2006-03-01,168.9946212146807
2006-03-02,169.13218646712087
2006-03-03,169.33721515899165
2006-03-04,169.28301044441656
2006-03-05,169.2288230807296
2006-03-06,168.97695795744025
2006-03-07,167.06710344138614
2006-03-08,166.7657845064691
2006-03-09,167.2524323312506
2006-03-10,167.91879051609243
2006-03-11,167.86503983817335
2006-03-12,167.8113063658057
2006-03-13,167.85988522995595
2006-03-14,168.43669614030284
2006-03-15,168.32255929008667
2006-03-16,169.42107997693586
2006-03-17,168.8447429363807
2006-03-18,168.7906958617918
2006-03-19,168.73666608763065
2006-03-20,167.78029309793757
2006-03-21,167.02123145543038
2006-03-22,167.12820051547322
2006-03-23,166.78832825567784
2006-03-24,166.73493943787383
2006-03-25,166.68156770979004
2006-03-26,166.6282130659561
2006-03-27,165.9913785950047
2006-03-28,165.41592189544252
2006-03-29,165.1749831330269
2006-03-30,166.05323699767658
2006-03-31,166.78895495210466
2006-04-01,166.75821950890264
2006-04-02,166.72748972954966
2006-04-03,167.54272739876328
2006-04-04,168.3366030900866
2006-04-05,168.20895493505566
2006-04-06,167.84173929897437
2006-04-07,166.87549514837335
2006-04-08,166.84474375776466
2006-04-09,166.81399803394385
2006-04-10,166.99741910191779
2006-04-11,166.96399017749403
2006-04-12,167.0273285828971
2006-04-13,166.9965492128104
2006-04-14,166.9657755146675
2006-04-15,166.93500748742318
2006-04-16,166.90424513003245
2006-04-17,167.74111579434475
2006-04-18,167.68605081414574
2006-04-19,168.1667245945786
2006-04-20,166.86876705430942
2006-04-21,167.14660554948745
2006-04-22,167.11580419934558
2006-04-23,167.0850085251979
2006-04-24,166.84650829878
2006-04-25,166.14227655866475
2006-04-26,166.23187702414185
2006-04-27,167.08824966109088
2006-04-28,168.338958059459
2006-04-29,168.30793698563787
2006-04-30,168.27692162830104
2006-05-01,168.2638517904731
2006-05-02,168.8121220299623
2006-05-03,168.46483656712817
2006-05-04,168.8545781835394
2006-05-05,169.22268560075858
2006-05-06,169.20953149774542
2006-05-07,169.19637841723366
2006-05-08,168.77722525143955
2006-05-09,169.05930520262407
2006-05-10,169.4508783539717
2006-05-11,168.40252272238442
2006-05-12,166.98645759368623
2006-05-13,166.97347731827463
2006-05-14,166.96049805185237
2006-05-15,165.92970600586722
2006-05-16,167.17477191322007
2006-05-17,165.65033752015296
2006-05-18,166.5604975930881
2006-05-19,165.75128109441
2006-05-20,165.73839683236005
2006-05-21,165.72551357183607
2006-05-22,163.92733552391917
2006-05-23,165.01802095764452
2006-05-24,161.95917213444088
2006-05-25,161.9465826425142
2006-05-26,164.3854222736978
2006-05-27,164.3726441832735
2006-05-28,164.3598670861222
2006-05-29,165.45245536131716
2006-05-30,163.90917353820237
2006-05-31,164.0761759283893
2006-06-01,165.18924443172023
2006-06-02,165.25196529736488
2006-06-03,165.22849771811912
2006-06-04,165.20503347152533
2006-06-05,165.39712559608995
2006-06-06,164.9653639088194
2006-06-07,165.22795047566711
2006-06-08,163.87203847981888
2006-06-09,164.06175155449455
2006-06-10,164.0384529985659
2006-06-11,164.01515775128598
2006-06-12,163.32441660468822
2006-06-13,162.48809231269297
2006-06-14,163.17342955218572
2006-06-15,163.76784471151845
2006-06-16,164.0337582686993
2006-06-17,164.01046368812217
2006-06-18,163.9871724156293
2006-06-19,163.96388445075075
2006-06-20,163.68745860683117
2006-06-21,164.1886530518419
2006-06-22,163.754185870717
2006-06-23,163.90563620575128
2006-06-24,163.8823598199028
2006-06-25,163.8590867395547
2006-06-26,164.50992947130862
2006-06-27,164.47988030234092
2006-06-28,164.45958694628203
2006-06-29,164.9449556349787
2006-06-30,167.01138718500042
2006-07-01,166.99469533120768
2006-07-02,166.9779757815608
2006-07-03,167.2740347089453
2006-07-04,167.27005326619877
2006-07-05,165.8537519356351
2006-07-06,166.5833514616848
2006-07-07,166.72346740634666
2006-07-08,166.70677501210577
2006-07-09,166.69008428911158
2006-07-10,166.5162427626853
2006-07-11,166.30676209791633
2006-07-12,165.52300959667164
2006-07-13,165.13218284224348
2006-07-14,164.99700428591854
2006-07-15,164.9804847455867
2006-07-16,164.96396685919515
2006-07-17,164.28296149477757
2006-07-18,164.49248588353012
2006-07-19,165.32375863325566
2006-07-20,165.4288910197495
2006-07-21,165.17196898644892
2006-07-22,165.15543192860844
2006-07-23,165.1388965264623
2006-07-24,165.10349051131564
2006-07-25,164.49257784469773
2006-07-26,164.85036918968356
2006-07-27,165.15647341114305
2006-07-28,165.79666446698315
2006-07-29,165.7800648644788
2006-07-30,165.76346692393068
2006-07-31,165.53568135905383
2006-08-01,165.19425558216415
2006-08-02,165.44236866088576
2006-08-03,165.33847196714672
2006-08-04,165.6450247726378
2006-08-05,165.62887688456618
2006-08-06,165.61273057066978
2006-08-07,165.5532080335438
2006-08-08,165.34627113982225
2006-08-09,165.6685828346898
2006-08-10,165.40652203904008
2006-08-11,165.50922531440034
2006-08-12,165.49309066472483
2006-08-13,165.47695758793398
2006-08-14,165.7367905667577
2006-08-15,166.51842287990044
2006-08-16,166.8975297980382
2006-08-17,167.25903977902968
2006-08-18,166.86052751406677
2006-08-19,166.84426113283638
2006-08-20,166.82799633733245
2006-08-21,166.81173312740052
2006-08-22,164.67213694667626
2006-08-23,167.05489379590315
2006-08-24,166.7084889931414
2006-08-25,166.79448912000512
2006-08-26,166.77822917652074
2006-08-27,166.7619708181353
2006-08-28,167.4007384995274
2006-08-29,167.46787120503197
2006-08-30,167.7470792572238
2006-08-31,167.3485711032546
2006-09-01,167.5366395711496
2006-09-02,167.48425406433964
2006-09-03,167.43188493747695
2006-09-04,167.28875054854217
2006-09-05,167.71373312784326
2006-09-06,167.22380371600948
2006-09-07,166.71791709343114
2006-09-08,166.3856197912757
2006-09-09,166.33359418636346
2006-09-10,166.28158484886401
2006-09-11,165.78029409420407
2006-09-12,165.97745927848868
2006-09-13,166.27674918500048
2006-09-14,166.33355774583052
2006-09-15,165.97543303624676
2006-09-16,165.92353568889718
2006-09-17,165.8716545688567
2006-09-18,166.1015045117717
2006-09-19,165.6255070316019
2006-09-20,165.504806471869
2006-09-21,164.7659478165619
2006-09-22,164.48138783137202
2006-09-23,164.42995764341785
2006-09-24,164.37854353670102
2006-09-25,164.01847438899168
2006-09-26,164.71663737276535
2006-09-27,164.98312221453224
2006-09-28,165.13990806429305
2006-09-29,165.1845604903719
2006-09-30,165.1329104337597
2006-10-01,165.08887061064416
2006-10-02,165.50593966827606
2006-10-03,165.2639815912075
2006-10-04,165.2668607122588
2006-10-05,165.09842441110905
2006-10-06,164.81129069633
2006-10-07,164.76741259440755
2006-10-08,164.72354617425657
2006-10-09,164.669083036254
2006-10-10,164.83930292865037
2006-10-11,164.64922852320421
2006-10-12,164.81795316814433
2006-10-13,165.0160053697313
2006-10-14,164.97207276613446
2006-10-15,164.92815185881915
2006-10-16,164.88424264467147
2006-10-17,164.95981888239507
2006-10-18,164.4089510961497
2006-10-19,164.5189209254868
2006-10-20,164.48183651843286
2006-10-21,164.4380461278798
2006-10-22,164.3942673957466
2006-10-23,164.1185174220706
2006-10-24,164.08078673171386
2006-10-25,164.16016092758062
2006-10-26,164.7574833876584
2006-10-27,165.06160557091096
2006-10-28,165.0176608270641
2006-10-29,164.97372778273098
2006-10-30,164.62937964548698
2006-10-31,164.60113868769108
2006-11-01,164.44604604364798
2006-11-02,164.0820347173279
2006-11-03,163.91442858949216
2006-11-04,163.8856304525953
2006-11-05,163.85683737524502
2006-11-06,163.82804935655244
2006-11-07,163.97767899125986
2006-11-08,163.10966993455625
2006-11-09,163.34740086533827
2006-11-10,163.12703660629637
2006-11-11,163.09837680634956
2006-11-12,163.06972204164498
2006-11-13,162.78352570259048
2006-11-14,162.87888139170275
2006-11-15,162.7681889956998
2006-11-16,162.67435581554724
2006-11-17,162.75596900596196
2006-11-18,162.72737439890662
2006-11-19,162.6987848156397
2006-11-20,162.61210265460795
2006-11-21,162.69051329035605
2006-11-22,162.67276167318292
2006-11-23,162.54143286878323
2006-11-24,163.10392558622993
2006-11-25,163.07526984665978
2006-11-26,163.04661914161844
2006-11-27,162.64119283619505
2006-11-28,162.75222764033376
2006-11-29,162.97245510208413
2006-11-30,163.40116435544022
2006-12-01,163.0926327145083
2006-12-02,163.07107009050057
2006-12-03,163.04951031730678
2006-12-04,163.00976127104983
2006-12-05,163.14543959213157
2006-12-06,163.3249718767346
2006-12-07,163.3816197618689
2006-12-08,163.3600189306231
2006-12-09,163.3384209552426
2006-12-10,163.31682583535002
2006-12-11,163.39198070479358
2006-12-12,162.56416524841316
2006-12-13,162.69366812514966
2006-12-14,162.8161389022721
2006-12-15,162.3618442995675
2006-12-16,162.34037829375495
2006-12-17,162.31891512598233
2006-12-18,162.23745525614973
2006-12-19,162.2872487620951
2006-12-20,162.01966248258293
2006-12-21,161.4910974593709
2006-12-22,162.30045962097492
2006-12-23,162.27900173088605
2006-12-24,162.25754667776414
2006-12-25,162.23609446123422
2006-12-26,162.8208311708533
2006-12-27,163.095515233016
2006-12-28,163.25657724177086
2006-12-29,162.7928270149648
2006-12-30,162.77130402853882
2006-12-31,162.74978388768636
2007-01-01,162.70275136560218
2007-01-02,162.7720499136392
2007-01-03,162.09550434757097
2007-01-04,162.3590620838278
2007-01-05,162.0842696216293
2007-01-06,162.03742942431302
2007-01-07,161.99060276319065
2007-01-08,162.01620689614677
2007-01-09,162.0890672048962
2007-01-10,161.73810163835714
2007-01-11,161.8235263579339
2007-01-12,161.99380434120926
2007-01-13,161.94699028715536
2007-01-14,161.90018976174025
2007-01-15,161.75910644985288
2007-01-16,161.663457352951
2007-01-17,161.94512930015324
2007-01-18,162.09104140247933
2007-01-19,162.4123027122421
2007-01-20,162.36536771772737
2007-01-21,162.31844628680147
2007-01-22,162.60795292064762
2007-01-23,162.88865130351496
2007-01-24,162.67263878105663
2007-01-25,162.6266570516917
2007-01-26,162.68296759645608
2007-01-27,162.63595438339107
2007-01-28,162.5889547565191
2007-01-29,162.69836330595118
2007-01-30,162.78231581760866
2007-01-31,163.0806418552255
2007-02-01,163.44667315248782
2007-02-02,162.98751881595282
2007-02-03,162.9792427936114
2007-02-04,162.97096719150184
2007-02-05,163.4186756207567
2007-02-06,163.7112241423648
2007-02-07,163.728687839838
2007-02-08,163.80664799181403
2007-02-09,163.41528753869065
2007-02-10,163.40698979552343
2007-02-11,163.39869247369094
2007-02-12,162.77436684041447
2007-02-13,163.23644166980708
2007-02-14,163.77352671649393
2007-02-15,163.94726632407713
2007-02-16,164.24570680582028
2007-02-17,164.23736689642794
2007-02-18,164.2290274105114
2007-02-19,164.10594009454834
2007-02-20,164.15601702541423
2007-02-21,164.5062563587236
2007-02-22,164.50712274123842
2007-02-23,164.2579679614251
2007-02-24,164.24962742944766
2007-02-25,164.24128732097768
2007-02-26,164.31822723968807
2007-02-27,163.719934549413
2007-02-28,163.32701648416156
2007-03-01,162.94767319418557
2007-03-02,162.75235939179177
2007-03-03,162.7109058544348
2007-03-04,162.66915535033107
2007-03-05,162.28396351483175
2007-03-06,162.92974621743332
2007-03-07,163.2499192297949
2007-03-08,163.33112014811667
2007-03-09,163.61616051205903
2007-03-10,163.5741777258099
2007-03-11,163.53220571205617
2007-03-12,163.71323758847734
2007-03-13,163.32080320146687
2007-03-14,163.08418349839522
2007-03-15,163.47672312510585
2007-03-16,163.81618901068376
2007-03-17,163.7741548984918
2007-03-18,163.73213157196508
2007-03-19,163.92380929465867
2007-03-20,164.0473091419086
2007-03-21,164.29720911415677
2007-03-22,164.55389665255709
2007-03-23,164.39429249340645
2007-03-24,164.35211004381998
2007-03-25,164.30993841796115
2007-03-26,164.62000495119432
2007-03-27,164.64469443257343
2007-03-28,164.26129250924652
2007-03-29,164.58793644140792
2007-03-30,164.4447723551134
2007-03-31,164.40257695274016
2007-04-01,164.3005990371817
2007-04-02,164.1986843779022
2007-04-03,164.70903039924494
2007-04-04,164.79407676870133
2007-04-05,164.69185600819537
2007-04-06,164.58969865460358
2007-04-07,164.48760466859497
2007-04-08,164.38557401086317
2007-04-09,164.34999243586566
2007-04-10,164.19591381065365
2007-04-11,163.75545299868793
2007-04-12,163.48606330390209
2007-04-13,164.2369717752311
2007-04-14,164.13509658355403
2007-04-15,164.0332845844368
2007-04-16,163.42174239185775
2007-04-17,163.26964507328663
2007-04-18,163.27815549110235
2007-04-19,163.61575479458122
2007-04-20,163.6347510386887
2007-04-21,163.5332494008607
2007-04-22,163.43181072387944
2007-04-23,162.86055882872822
2007-04-24,162.82050701930388
2007-04-25,163.39311690115727
2007-04-26,163.19454007913575
2007-04-27,163.15033214607166
2007-04-28,163.04913099032757
2007-04-29,162.94799260904304
2007-04-30,162.9190339367879
2007-05-01,162.8296306006401
2007-05-02,162.45500375608134
2007-05-03,162.35640480760657
2007-05-04,162.21588839561628
2007-05-05,162.12692006909123
2007-05-06,162.03800053780571
2007-05-07,162.01981683715272
2007-05-08,161.80751284336895
2007-05-09,161.87422721136926
2007-05-10,161.44392233535385
2007-05-11,161.65139991245564
2007-05-12,161.5627411831975
2007-05-13,161.47413107937828
2007-05-14,161.4384482000981
2007-05-15,162.1737589082842
2007-05-16,162.5163007485549
2007-05-17,162.5134408840362
2007-05-18,162.54788410393402
2007-05-19,162.45873369227007
2007-05-20,162.36963217571133
2007-05-21,162.45190276016166
2007-05-22,162.58261465312992
2007-05-23,162.57749923794768
2007-05-24,161.98175837051573
2007-05-25,161.89291845407882
2007-05-26,161.80412726245413
2007-05-27,161.71538476891817
2007-05-28,161.5749372751108
2007-05-29,161.87967516978807
2007-05-30,161.5994650244448
2007-05-31,162.1553039807035
2007-06-01,162.4690492124597
2007-06-02,162.3430798207018
2007-06-03,162.21720809854767
2007-06-04,161.65866312077566
2007-06-05,161.27775492194226
2007-06-06,160.2108511658772
2007-06-07,159.77777465409375
2007-06-08,159.56350894383658
2007-06-09,159.43979234510073
2007-06-10,159.31617166927927
2007-06-11,159.823786951237
2007-06-12,159.69588206836158
2007-06-13,159.10275837619906
2007-06-14,159.50184480231866
2007-06-15,160.5715885819008
2007-06-16,160.44709037473274
2007-06-17,160.32268869649434
2007-06-18,160.19838347234253
2007-06-19,160.3151848408101
2007-06-20,159.69996091401995
2007-06-21,159.99072522282617
2007-06-22,159.25641510879115
2007-06-23,159.13293661339745
2007-06-24,159.00955385630613
2007-06-25,159.15677217772722
2007-06-26,158.6843777298231
2007-06-27,158.63765716246158
2007-06-28,159.38198268624683
2007-06-29,159.44363665360294
2007-06-30,159.3200129971202
2007-07-01,159.21081055140021
2007-07-02,159.70163732563017
2007-07-03,159.70172879455828
2007-07-04,159.64981891983024
2007-07-05,159.99249299408348
2007-07-06,160.58122793825018
2007-07-07,160.47153175627122
2007-07-08,160.36191050990266
2007-07-09,160.25236414795455
2007-07-10,160.5665789687625
2007-07-11,160.76251026653512
2007-07-12,161.0775250327514
2007-07-13,161.28084863240514
2007-07-14,161.17067452582708
2007-07-15,161.06057568133906
2007-07-16,160.91676161035994
2007-07-17,161.06507548551903
2007-07-18,161.2358768947704
2007-07-19,161.34992971088792
2007-07-20,161.91962138248962
2007-07-21,161.80901091773484
2007-07-22,161.69847601315496
2007-07-23,162.26919074763276
2007-07-24,163.60169863463722
2007-07-25,163.63670056795968
2007-07-26,159.96614408480946
2007-07-27,159.18223153984923
2007-07-28,159.07349103971094
2007-07-29,158.9648248223382
2007-07-30,159.8101603810394
2007-07-31,159.6792291174922
2007-08-01,159.68272518510136
2007-08-02,160.37981301263858
2007-08-03,160.40135123839895
2007-08-04,160.2614370459971
2007-08-05,160.12164489733794
2007-08-06,159.06794057436164
2007-08-07,159.15222136710761
2007-08-08,159.1586413954681
2007-08-09,158.2291141273528
2007-08-10,157.83599941608168
2007-08-11,157.69832291759997
2007-08-12,157.56076651097507
2007-08-13,156.94552353321797
2007-08-14,155.44905537416417
2007-08-15,155.04833896543687
2007-08-16,151.71245673474894
2007-08-17,154.49679231269982
2007-08-18,154.36202852325403
2007-08-19,154.22738228497988
2007-08-20,154.0928534953403
2007-08-21,153.810934711005
2007-08-22,154.55518751195928
2007-08-23,155.5083644825032
2007-08-24,156.46665846883135
2007-08-25,156.33017641311014
2007-08-26,156.19381340736234
2007-08-27,156.029283897253
2007-08-28,154.5537524708261
2007-08-29,155.13709914327876
2007-08-30,154.47494545679714
2007-08-31,154.49693699564673
2007-09-01,154.40097264380418
2007-09-02,154.3050678993364
2007-09-03,154.49793505453783
2007-09-04,154.90776949749025
2007-09-05,154.4307593390239
2007-09-06,154.9319564134948
2007-09-07,154.67609816416189
2007-09-08,154.58002252800688
2007-09-09,154.48400656834986
2007-09-10,154.5859850205396
2007-09-11,154.93120810329083
2007-09-12,155.06581701483455
2007-09-13,154.8979637181928
2007-09-14,155.01783255652617
2007-09-15,154.9215446551956
2007-09-16,154.82531656220948
2007-09-17,153.97004347775
2007-09-18,154.55771094020236
2007-09-19,155.44481632201152
2007-09-20,155.9015726716118
2007-09-21,156.36514041376557
2007-09-22,156.26801564454763
2007-09-23,156.1709512034871
2007-09-24,156.06961067275282
2007-09-25,156.45747753379456
2007-09-26,156.51954052519446
2007-09-27,156.9143823037872
2007-09-28,157.52492573766136
2007-09-29,157.42708057845357
2007-09-30,157.3292961948667
2007-10-01,157.5636010665573
2007-10-02,157.13383692112174
2007-10-03,156.69685954433947
2007-10-04,157.37486205413524
2007-10-05,158.06922465755076
2007-10-06,158.01013086353836
2007-10-07,157.95105916159667
2007-10-08,158.04527601466512
2007-10-09,158.23698484295772
2007-10-10,157.95994377751873
2007-10-11,158.57409581631433
2007-10-12,158.11852212109505
2007-10-13,158.05940989734617
2007-10-14,158.0003197725579
2007-10-15,157.94125173846862
2007-10-16,157.55379437476506
2007-10-17,157.3379160413487
2007-10-18,158.73810373735057
2007-10-19,158.29516340510642
2007-10-20,158.23598514444447
2007-10-21,158.17682900743085
2007-10-22,157.50077273163262
2007-10-23,158.59909326349867
2007-10-24,158.49729941350213
2007-10-25,159.19600549978952
2007-10-26,159.74044033451085
2007-10-27,159.68072176059468
2007-10-28,159.62102551232172
2007-10-29,159.59479825521066
2007-10-30,159.18248166616223
2007-10-31,159.43797619872947
2007-11-01,158.57956397564575
2007-11-02,158.71032858497398
2007-11-03,158.75453673102245
2007-11-04,158.7987571910784
2007-11-05,158.7830325647112
2007-11-06,158.82726096217107
2007-11-07,159.33215839938475
2007-11-08,159.5069121442009
2007-11-09,159.37684367305062
2007-11-10,159.42123747428997
2007-11-11,159.46564364125047
2007-11-12,159.65728337487275
2007-11-13,158.91104952797656
2007-11-14,159.8455889550874
2007-11-15,159.05105104468407
2007-11-16,159.63633937495695
2007-11-17,159.68080545771696
2007-11-18,159.72528392633177
2007-11-19,158.9378293961566
2007-11-20,159.54028964034313
2007-11-21,159.53153456187678
2007-11-22,159.66870139846424
2007-11-23,159.07949066320865
2007-11-24,159.12380163792116
2007-11-25,159.16812495528382
2007-11-26,158.5615812546204
2007-11-27,158.52916657513993
2007-11-28,159.77172087897372
2007-11-29,159.6033174486672
2007-11-30,159.412938312645
2007-12-01,159.39549816758256
2007-12-02,159.378135460211
2007-12-03,159.07501470867683
2007-12-04,158.71983262605954
2007-12-05,158.73582891122203
2007-12-06,159.4613453005491
2007-12-07,160.1413114058866
2007-12-08,160.12386745822184
2007-12-09,160.10642541069953
2007-12-10,160.2168724818321
2007-12-11,160.43572385411738
2007-12-12,159.80888887003573
2007-12-13,159.54885819612588
2007-12-14,158.54164075834512
2007-12-15,158.52437106035285
2007-12-16,158.5071032435223
2007-12-17,157.67670261306856
2007-12-18,157.58750603323733
2007-12-19,157.60384994078046
2007-12-20,157.63384719281953
2007-12-21,158.3398946655981
2007-12-22,158.32264694349857
2007-12-23,158.30540110016693
2007-12-24,158.28815713539862
2007-12-25,158.27091504898888
2007-12-26,159.43682541872118
2007-12-27,160.44858406443444
2007-12-28,160.08756944625637
2007-12-29,160.070131352621
2007-12-30,160.05269515849037
2007-12-31,159.57013951265176
2008-01-01,159.48741086199757
2008-01-02,159.9499380562422
2008-01-03,160.4146270574345
2008-01-04,160.22376292347263
2008-01-05,160.14069540376076
2008-01-06,160.0576709501504
2008-01-07,159.15746393336815
2008-01-08,159.3392549216668
2008-01-09,158.60482311523174
2008-01-10,159.05141560652004
2008-01-11,159.71701520052926
2008-01-12,159.63421040262403
2008-01-13,159.55144853461303
2008-01-14,160.87209984867502
2008-01-15,160.3764010586264
2008-01-16,159.15155024682457
2008-01-17,159.27501033719656
2008-01-18,158.7075548779466
2008-01-19,158.6252734316574
2008-01-20,158.5430346439323
2008-01-21,158.7415076820736
2008-01-22,158.21741024741934
2008-01-23,157.73270908352245
2008-01-24,159.01051987942589
2008-01-25,158.63331422260535
2008-01-26,158.55107126615678
2008-01-27,158.46887094831737
2008-01-28,158.9811478994495
2008-01-29,159.1615076708198
2008-01-30,159.24475430411758
2008-01-31,159.85205582420733
2008-02-01,160.0143055556619
2008-02-02,159.9376387053799
2008-02-03,159.8610085881007
2008-02-04,160.10036279446342
2008-02-05,159.15622237211795
2008-02-06,159.66447916129982
2008-02-07,158.9315040653413
2008-02-08,158.79900232693234
2008-02-09,158.72291775878045
2008-02-10,158.6468696446454
2008-02-11,158.66993938453243
2008-02-12,159.1606897582125
2008-02-13,158.49650653219607
2008-02-14,158.69597061617918
2008-02-15,158.42311744892626
2008-02-16,158.34721297660747
2008-02-17,158.2713448720171
2008-02-18,158.18804812238213
2008-02-19,158.99755139752853
2008-02-20,158.36189012332486
2008-02-21,159.64031766871162
2008-02-22,159.8471706510818
2008-02-23,159.77058387930697
2008-02-24,159.6940338021672
2008-02-25,159.72222285674616
2008-02-26,160.6062975850132
2008-02-27,161.89617712009215
2008-02-28,161.67589990523854
2008-02-29,161.67357877067892
2008-03-01,161.4849485034878
2008-03-02,161.29653831788306
2008-03-03,161.369159490503
2008-03-04,160.84310461911795
2008-03-05,161.3495836986905
2008-03-06,161.38986518949125
2008-03-07,160.68682059711966
2008-03-08,160.49926175333295
2008-03-09,160.3119218342829
2008-03-10,159.89746756204863
2008-03-11,159.4656706957788
2008-03-12,160.51164682362648
2008-03-13,159.63580960294394
2008-03-14,159.19259879897353
2008-03-15,159.00678405910142
2008-03-16,158.8211862081916
2008-03-17,158.71727550804442
2008-03-18,159.66309612926992
2008-03-19,158.92117559720432
2008-03-20,158.73567767125456
2008-03-21,158.55039626447157
2008-03-22,158.3653311241273
2008-03-23,158.18048199778846
2008-03-24,157.99584863331665
2008-03-25,156.87726369935572
2008-03-26,157.75757538845727
2008-03-27,157.5351702194343
2008-03-28,156.7853335238812
2008-03-29,156.60232862174192
2008-03-30,156.41953732883158
2008-03-31,156.56262072230584
2008-04-01,156.0126979148896
2008-04-02,155.88025036083698
2008-04-03,156.55541819048665
2008-04-04,156.98209904003008
2008-04-05,156.84882850932465
2008-04-06,156.7156711191268
2008-04-07,156.6663445476176
2008-04-08,156.45056753953332
2008-04-09,157.06052129181703
2008-04-10,156.8202195161026
2008-04-11,156.18469600699768
2008-04-12,156.05210243453175
2008-04-13,155.91962142786718
2008-04-14,155.9120428232436
2008-04-15,156.03778147680566
2008-04-16,157.21489127186535
2008-04-17,157.3856893777562
2008-04-18,156.5480346601385
2008-04-19,156.4151326299858
2008-04-20,156.2823434275008
2008-04-21,156.98319395345519
2008-04-22,157.65067030592178
2008-04-23,157.33955348535446
2008-04-24,156.12683384151998
2008-04-25,155.34460562432895
2008-04-26,155.2127252496851
2008-04-27,155.08095683537067
2008-04-28,154.50030587713118
2008-04-29,152.96759583584057
2008-04-30,153.1696545819718
2008-05-01,153.19036295943812
2008-05-02,154.48534487797542
2008-05-03,154.5062137103
2008-05-04,154.52708536171502
2008-05-05,154.44855901405234
2008-05-06,154.77966981282998
2008-05-07,153.8352448886002
2008-05-08,153.29042273400853
2008-05-09,153.57778838846573
2008-05-10,153.59853462246733
2008-05-11,153.61928365899809
2008-05-12,154.70232708247872
2008-05-13,154.13981729283452
2008-05-14,153.81770602528292
2008-05-15,153.7801465141934
2008-05-16,154.0694294774416
2008-05-17,154.09024212535095
2008-05-18,154.1110575847611
2008-05-19,153.90515981851618
2008-05-20,153.59334954780041
2008-05-21,153.6603976866714
2008-05-22,153.45215411150542
2008-05-23,153.45615113260027
2008-05-24,153.47688093509186
2008-05-25,153.49761353789287
2008-05-26,153.90535309967157
2008-05-27,152.69669690115222
2008-05-28,152.13745798165496
2008-05-29,152.16865454235517
2008-05-30,152.40613383931608
2008-05-31,152.4267217990015
2008-06-01,152.34108652313049
2008-06-02,151.34400330321972
2008-06-03,150.29054863946973
2008-06-04,150.39170891114543
2008-06-05,149.99753881006018
2008-06-06,150.63631596250255
2008-06-07,150.55168655945963
2008-06-08,150.4671047022945
2008-06-09,150.02904018501715
2008-06-10,148.94303367554835
2008-06-11,148.88491290737122
2008-06-12,148.1523732014649
2008-06-13,147.2877743205491
2008-06-14,147.20502617089727
2008-06-15,147.122324510211
2008-06-16,147.03966931237224
2008-06-17,148.11320028414403
2008-06-18,148.18706026414588
2008-06-19,148.23030891530232
2008-06-20,148.13125124435516
2008-06-21,148.04802921861247
2008-06-22,147.96485394806504
2008-06-23,146.60447919392055
2008-06-24,146.77724210178746
2008-06-25,146.87185524120076
2008-06-26,147.59401095162866
2008-06-27,147.08824067199012
2008-06-28,147.00560462288627
2008-06-29,146.92301499976847
2008-06-30,147.06455794692152
2008-07-01,146.50532427241188
2008-07-02,147.0335179620594
2008-07-03,146.79876811400834
2008-07-04,146.67270678131348
2008-07-05,146.6343859565512
2008-07-06,146.59607514377853
2008-07-07,146.39105726602736
2008-07-08,145.84553892107303
2008-07-09,145.80743420846497
2008-07-10,146.38933833379932
2008-07-11,146.99599908630873
2008-07-12,146.95759379574477
2008-07-13,146.91919853923855
2008-07-14,147.50386748559282
2008-07-15,147.6493723990068
2008-07-16,147.57856340531183
2008-07-17,147.34368328426265
2008-07-18,147.36914735842976
2008-07-19,147.33064457631565
2008-07-20,147.29215185373067
2008-07-21,147.70945934893336
2008-07-22,147.3126932438543
2008-07-23,146.87810046651774
2008-07-24,146.8621999616395
2008-07-25,147.08392419954416
2008-07-26,147.0454959369977
2008-07-27,147.00707771451079
2008-07-28,147.08637375175192
2008-07-29,146.948349486152
2008-07-30,147.20631361436688
2008-07-31,147.92736168743818
2008-08-01,148.02963093636095
2008-08-02,148.00336020227996
2008-08-03,147.9770941304511
2008-08-04,147.38016552339113
2008-08-05,147.02461050522595
2008-08-06,146.83119559141983
2008-08-07,146.26745580721965
2008-08-08,144.93367959427425
2008-08-09,144.90795829691018
2008-08-10,144.88224156429007
2008-08-11,143.3720463842581
2008-08-12,143.53067946777483
2008-08-13,143.39150107880704
2008-08-14,142.67185187730794
2008-08-15,141.90435795816649
2008-08-16,141.8791742727835
2008-08-17,141.8539950567348
2008-08-18,141.8288203092272
2008-08-19,142.10368271476793
2008-08-20,142.19401182112185
2008-08-21,142.82498259180306
2008-08-22,142.1906567330425
2008-08-23,142.16542223837945
2008-08-24,142.14019222206772
2008-08-25,141.73659389651237
2008-08-26,141.2141478662085
2008-08-27,141.9548422730216
2008-08-28,141.82521955900734
2008-08-29,141.69187109238192
2008-08-30,141.66672511692173
2008-08-31,141.6415836041034
2008-09-01,141.48630975915245
2008-09-02,140.52373461438933
2008-09-03,139.96991564955312
2008-09-04,138.4978707123851
2008-09-05,138.0291945095961
2008-09-06,137.97865767848455
2008-09-07,137.92813935049696
2008-09-08,137.48722747356695
2008-09-09,137.26314075632678
2008-09-10,136.8518780641063
2008-09-11,136.05325262692793
2008-09-12,137.34310089996634
2008-09-13,137.29281526931283
2008-09-14,137.24254804981084
2008-09-15,136.39286211650622
2008-09-16,136.2226271091993
2008-09-17,135.5562866270378
2008-09-18,134.7338707444076
2008-09-19,137.68438251929717
2008-09-20,137.63397193470456
2008-09-21,137.5835798070132
2008-09-22,138.87645541417191
2008-09-23,137.0148122166822
2008-09-24,137.04136881580692
2008-09-25,137.9766674984054
2008-09-26,137.22061241739522
2008-09-27,137.17037163362914
2008-09-28,137.12014924459487
2008-09-29,133.97693785051973
2008-09-30,134.44396903929825
2008-10-01,133.98037432087798
2008-10-02,131.5103799082459
2008-10-03,132.2096046090168
2008-10-04,132.18250016335688
2008-10-05,132.15540127441105
2008-10-06,128.6382739867397
2008-10-07,127.28180306326016
2008-10-08,127.13373355390543
2008-10-09,129.66392011375814
2008-10-10,125.78621705411119
2008-10-11,125.760429474646
2008-10-12,125.73464718192271
2008-10-13,125.70887017485737
2008-10-14,130.16643331669556
2008-10-15,127.52963162717867
2008-10-16,127.4659150287043
2008-10-17,125.98754841751396
2008-10-18,125.96171956287054
2008-10-19,125.93589600343084
2008-10-20,129.27266589606936
2008-10-21,125.43508718123088
2008-10-22,122.44459615943306
2008-10-23,125.12180878803588
2008-10-24,124.94878560018006
2008-10-25,124.92316970351669
2008-10-26,124.89755905839819
2008-10-27,126.64720452834992
2008-10-28,130.51101724658645
2008-10-29,133.4119547308769
2008-10-30,133.71338896735125
2008-10-31,132.89822333913565
2008-11-01,132.85624952703913
2008-11-02,132.8142889717105
2008-11-03,132.35243197963902
2008-11-04,130.83154267965395
2008-11-05,131.36380399165276
2008-11-06,131.32231480175628
2008-11-07,129.52970494442945
2008-11-08,129.4887950258493
2008-11-09,129.447898028023
2008-11-10,128.99623198427298
2008-11-11,128.9264448015295
2008-11-12,125.94563709986252
2008-11-13,125.2981231662172
2008-11-14,126.76890901494285
2008-11-15,126.7288710503036
2008-11-16,126.6888457310253
2008-11-17,126.11175869828818
2008-11-18,126.0342094073917
2008-11-19,124.24241532179796
2008-11-20,123.81569362712293
2008-11-21,122.54667595152564
2008-11-22,122.50797151274382
2008-11-23,122.46927929814981
2008-11-24,126.0551094422786
2008-11-25,126.99562723850129
2008-11-26,126.98073446486467
2008-11-27,127.39376871106687
2008-11-28,127.24359208693636
2008-11-29,127.20340420112007
2008-11-30,127.16322900801498
2008-12-01,126.13309771238433
2008-12-02,126.46835234826881
2008-12-03,126.31909476975731
2008-12-04,126.70608826365542
2008-12-05,124.59758826596006
2008-12-06,124.57788566369577
2008-12-07,124.5581861770017
2008-12-08,124.53848980538523
2008-12-09,126.4056821244539
2008-12-10,127.00308906281381
2008-12-11,130.3578889915638
2008-12-12,128.81978263216396
2008-12-13,128.79941237479142
2008-12-14,128.77904533856537
2008-12-15,130.24303806234897
2008-12-16,129.8643729029631
2008-12-17,131.1517343577315
2008-12-18,131.30274111473602
2008-12-19,130.4357137273799
2008-12-20,130.4150879430097
2008-12-21,130.3944654201924
2008-12-22,130.11498750958907
2008-12-23,131.09169420188962
2008-12-24,131.36411630596353
2008-12-25,131.34334371340063
2008-12-26,131.55389744977163
2008-12-27,131.53309484713827
2008-12-28,131.51229553401808
2008-12-29,131.4510606279881
2008-12-30,132.71507198789666
2008-12-31,132.55201060614286
2009-01-01,132.50957753284467
2009-01-02,132.51985378670682
2009-01-03,132.47743100757674
2009-01-04,132.43502180899426
2009-01-05,132.7383740514042
2009-01-06,134.01775271542778
2009-01-07,134.0104855435611
2009-01-08,133.07900165810506
2009-01-09,132.27511561504096
2009-01-10,132.23277118246125
2009-01-11,132.1904403053486
2009-01-12,130.85507940958664
2009-01-13,130.91120813789544
2009-01-14,129.6242395699146
2009-01-15,129.19047618903554
2009-01-16,130.3848172992762
2009-01-17,130.34307799646123
2009-01-18,130.3013520553967
2009-01-19,130.26615298339033
2009-01-20,129.0435292680271
2009-01-21,129.53111913134595
2009-01-22,129.8422845782365
2009-01-23,129.77705653101694
2009-01-24,129.73551178698014
2009-01-25,129.69398034241087
2009-01-26,131.23346009296526
2009-01-27,131.15221758405656
2009-01-28,132.2041940836616
2009-01-29,131.37140422627377
2009-01-30,130.39710072680623
2009-01-31,130.35535749177188
2009-02-01,130.3762535463221
2009-02-02,130.05287483480402
2009-02-03,131.20143182959555
2009-02-04,130.96898033212062
2009-02-05,130.79297545443492
2009-02-06,131.61878654922373
2009-02-07,131.63988513233136
2009-02-08,131.66098709755653
2009-02-09,132.80393696718733
2009-02-10,131.82773879303033
2009-02-11,131.96703614895227
2009-02-12,131.4078131073951
2009-02-13,132.1295098758557
2009-02-14,132.15069032826813
2009-02-15,132.17187417592174
2009-02-16,132.2259648944223
2009-02-17,130.62308973928495
2009-02-18,129.96802290923247
2009-02-19,131.24832963597487
2009-02-20,130.33280183580678
2009-02-21,130.35369427466966
2009-02-22,130.37459006260502
2009-02-23,130.99308457948277
2009-02-24,131.5457266658149
2009-02-25,131.40230245432346
2009-02-26,132.3767588322556
2009-02-27,131.85199311567067
2009-02-28,131.87312908195327
2009-03-01,131.77335412683487
2009-03-02,131.33869660226134
2009-03-03,131.34080715694301
2009-03-04,132.92271005509878
2009-03-05,132.5403178589085
2009-03-06,133.38371053475524
2009-03-07,133.28270735565562
2009-03-08,133.1817806599747
2009-03-09,133.12197670441225
2009-03-10,133.8298175534838
2009-03-11,134.2292702401464
2009-03-12,134.67379188249478
2009-03-13,135.5499031700685
2009-03-14,135.44725966816003
2009-03-15,135.3446938917847
2009-03-16,136.30398132441462
2009-03-17,136.17393328012255
2009-03-18,137.09863088281338
2009-03-19,138.52336852508296
2009-03-20,138.2696659900163
2009-03-21,138.16496298106526
2009-03-22,138.06033925718378
2009-03-23,139.2533137007726
2009-03-24,139.1478658366552
2009-03-25,139.27767553205902
2009-03-26,139.41470191111816
2009-03-27,138.56259729396848
2009-03-28,138.4576724663798
2009-03-29,138.35282709183002
2009-03-30,136.62036155731232
2009-03-31,137.6888033217161
2009-04-01,137.68767476921425
2009-04-02,137.61634584943147
2009-04-03,139.39000097215896
2009-04-04,139.31779016451378
2009-04-05,139.245616765583
2009-04-06,137.8937304488651
2009-04-07,137.3246747963662
2009-04-08,137.994798776277
2009-04-09,137.92331075130406
2009-04-10,137.85185976060902
2009-04-11,137.78044578500615
2009-04-12,137.70906880531996
2009-04-13,138.87458460186753
2009-04-14,138.00938939830445
2009-04-15,137.69570372711428
2009-04-16,137.81446724472212
2009-04-17,137.7151475677547
2009-04-18,137.64380441572456
2009-04-19,137.57249822292096
2009-04-20,135.88308787501225
2009-04-21,136.16022270394595
2009-04-22,136.95578233665603
2009-04-23,137.00440421015801
2009-04-24,137.61985771796967
2009-04-25,137.5485639307215
2009-04-26,137.4773070771266
2009-04-27,136.2126821281843
2009-04-28,137.32145139754354
2009-04-29,138.9728167907034
2009-04-30,138.1631540545103
2009-05-01,138.1357668540287
2009-05-02,138.10844020132936
2009-05-03,138.08111895451424
2009-05-04,139.20307361671246
2009-05-05,138.84600588934092
2009-05-06,139.92696711740075
2009-05-07,140.5777463211881
2009-05-08,142.12507024366727
2009-05-09,142.09695440862419
2009-05-10,142.06884413558495
2009-05-11,142.11363653430496
2009-05-12,142.07172516965719
2009-05-13,141.20542080617835
2009-05-14,141.84661364695847
2009-05-15,141.3879655996062
2009-05-16,141.35999558199381
2009-05-17,141.33203109753902
2009-05-18,141.9500679015033
2009-05-19,143.28379739973204
2009-05-20,144.38166797472562
2009-05-21,144.71227210865004
2009-05-22,144.85693986807766
2009-05-23,144.82828360202134
2009-05-24,144.79963300487938
2009-05-25,144.77098807553034
2009-05-26,144.77360874235694
2009-05-27,144.64662565099874
2009-05-28,144.91892885113873
2009-05-29,146.88316578582223
2009-05-30,146.85410868243608
2009-05-31,146.82505732725977
2009-06-01,147.6139973308258
2009-06-02,148.03731809307052
2009-06-03,146.5186163800436
2009-06-04,147.3778631332245
2009-06-05,146.71853990775517
2009-06-06,146.71162926587962
2009-06-07,146.70471894950458
2009-06-08,146.19981327645817
2009-06-09,146.5931736076941
2009-06-10,146.60002893606554
2009-06-11,147.64691308512113
2009-06-12,148.13623069581098
2009-06-13,148.12925327877983
2009-06-14,148.12227619039447
2009-06-15,148.11529943063942
2009-06-16,146.73152789565856
2009-06-17,146.80829815922024
2009-06-18,146.94649468758664
2009-06-19,147.80737638718028
2009-06-20,147.8004144596323
2009-06-21,147.79345286000054
2009-06-22,146.3539951730075
2009-06-23,147.9362187411785
2009-06-24,148.2884763238357
2009-06-25,148.8013211449654
2009-06-26,149.49900214185084
2009-06-27,149.4919605364395
2009-06-28,149.48491926269733
2009-06-29,148.93244941538666
2009-06-30,148.7902941223012
2009-07-01,149.82890444437436
2009-07-02,148.94847980311715
2009-07-03,148.94523949102467
2009-07-04,148.90623751028363
2009-07-05,148.86724574238667
2009-07-06,148.16756868253924
2009-07-07,147.96785433800795
2009-07-08,146.50320864165352
2009-07-09,146.46484611767178
2009-07-10,146.42649363908947
2009-07-11,146.38815120327615
2009-07-12,146.34981880760208
2009-07-13,147.58553138515063
2009-07-14,147.47870763402165
2009-07-15,149.2595148774751
2009-07-16,149.32148614139498
2009-07-17,149.68424473694844
2009-07-18,149.6450492443606
2009-07-19,149.60586401528872
2009-07-20,150.4856394464219
2009-07-21,150.19120397427446
2009-07-22,150.55895842994502
2009-07-23,150.642258769756
2009-07-24,150.5984742121397
2009-07-25,150.5590393244526
2009-07-26,150.5196147629683
2009-07-27,150.74334785253401
2009-07-28,150.57177285542613
2009-07-29,149.88480874028755
2009-07-30,151.04933342659282
2009-07-31,152.0066222929258
2009-08-01,151.93425670685642
2009-08-02,151.8619255717732
2009-08-03,153.0334392384781
2009-08-04,152.84866054534905
2009-08-05,153.32643656380085
2009-08-06,152.45730532556914
2009-08-07,152.25557896950286
2009-08-08,152.1830948629669
2009-08-09,152.11064526384095
2009-08-10,151.09689651323467
2009-08-11,151.3794069721995
2009-08-12,151.86275348653203
2009-08-13,152.2182534164318
2009-08-14,151.46392242437415
2009-08-15,151.3918152006936
2009-08-16,151.31974230500094
2009-08-17,151.2477037209538
2009-08-18,151.14260292689863
2009-08-19,152.15403034144984
2009-08-20,151.97034179327935
2009-08-21,152.4120570693279
2009-08-22,152.3394984684756
2009-08-23,152.2669744104977
2009-08-24,151.9189498934889
2009-08-25,151.3305219858007
2009-08-26,150.55565441332945
2009-08-27,150.4390847717768
2009-08-28,150.66778428141052
2009-08-29,150.59605607413354
2009-08-30,150.52436201440668
2009-08-31,150.18737909280907
2009-09-01,148.75546602265314
2009-09-02,149.26748284037632
2009-09-03,149.8047460570208
2009-09-04,150.8173833972328
2009-09-05,150.73960196414833
2009-09-06,150.66186064548032
2009-09-07,150.67248923475208
2009-09-08,151.63575107503254
2009-09-09,151.32731456356765
2009-09-10,152.09700636782878
2009-09-11,151.98700893061323
2009-09-12,151.9086242835748
2009-09-13,151.83028006204998
2009-09-14,151.3591411227374
2009-09-15,151.40028288408217
2009-09-16,151.62158108920033
2009-09-17,151.39783308589372
2009-09-18,151.68029620630264
2009-09-19,151.6020697409984
2009-09-20,151.52388361962818
2009-09-21,150.89277804678574
2009-09-22,151.71969233484435
2009-09-23,152.10073604904403
2009-09-24,150.7957070822448
2009-09-25,151.12368986562046
2009-09-26,151.04575046032124
2009-09-27,150.96785125091
2009-09-28,151.04879372704053
2009-09-29,150.9815736631525
2009-09-30,151.7103085167764
2009-10-01,150.69073647869152
2009-10-02,151.2238400859257
2009-10-03,151.14703736547747
2009-10-04,151.0702736511666
2009-10-05,151.24304871877217
2009-10-06,151.51931224643488
2009-10-07,151.3075908572748
2009-10-08,152.18461684784754
2009-10-09,151.72312670471396
2009-10-10,151.6460704093626
2009-10-11,151.5690532489328
2009-10-12,151.49207520354878
2009-10-13,151.84003570548145
2009-10-14,152.94635273345307
2009-10-15,152.7138502338059
2009-10-16,152.53422000310854
2009-10-17,152.4567517742167
2009-10-18,152.37932288945692
2009-10-19,152.5090822183958
2009-10-20,151.09369161875804
2009-10-21,152.230885491474
2009-10-22,152.2737192647839
2009-10-23,152.20012110201077
2009-10-24,152.12282255340537
2009-10-25,152.0455632627557
2009-10-26,151.05065431288952
2009-10-27,150.5767982989439
2009-10-28,149.9024348840392
2009-10-29,150.95845229340378
2009-10-30,149.76144549312593
2009-10-31,149.685385485487
2009-11-01,149.64024507078824
2009-11-02,149.50527361354318
2009-11-03,149.67783516962353
2009-11-04,150.53079116168325
2009-11-05,150.70853622543413
2009-11-06,150.66308726058162
2009-11-07,150.6176520017106
2009-11-08,150.57223044468776
2009-11-09,151.87260313671183
2009-11-10,151.315963231015
2009-11-11,151.203691580879
2009-11-12,150.3648693254325
2009-11-13,151.1921509780282
2009-11-14,151.14655617014353
2009-11-15,151.10097511222205
2009-11-16,151.6335380922027
2009-11-17,150.97318723744434
2009-11-18,151.2553011347871
2009-11-19,150.07317979719886
2009-11-20,149.60824611180573
2009-11-21,149.56312895992113
2009-11-22,149.5180254139537
2009-11-23,150.19517074575194
2009-11-24,150.03319629857404
2009-11-25,150.80274015352165
2009-11-26,150.8094840216294
2009-11-27,149.9151163274549
2009-11-28,149.8699066331438
2009-11-29,149.82471057265772
2009-11-30,149.58517273606077
2009-12-01,150.76527174242204
2009-12-02,150.43352709306592
2009-12-03,150.93444305336766
2009-12-04,149.58429509429678
2009-12-05,149.45188481572868
2009-12-06,149.31959174519955
2009-12-07,148.93672794221183
2009-12-08,148.80489088255652
2009-12-09,146.61687989013387
2009-12-10,146.82003825998987
2009-12-11,147.00180507643984
2009-12-12,146.871680788005
2009-12-13,146.74167168407706
2009-12-14,147.32594380063745
2009-12-15,146.65404503244685
2009-12-16,146.5522314820878
2009-12-17,144.9301185045918
2009-12-18,144.79339805181343
2009-12-19,144.6652286195962
2009-12-20,144.53717264146994
2009-12-21,144.12071262971565
2009-12-22,143.54361495445696
2009-12-23,144.1507938276303
2009-12-24,143.83733276303064
2009-12-25,143.71000962868942
2009-12-26,143.58279919930598
2009-12-27,143.4557013751155
2009-12-28,144.2365833484948
2009-12-29,144.9139214564547
2009-12-30,143.7433968064084
2009-12-31,143.61536065997254
2010-01-01,143.53094655648943
2010-01-02,143.44658206984974
2010-01-03,143.36226717088974
2010-01-04,144.1618882599859
2010-01-05,143.84630288806116
2010-01-06,144.30503789570045
2010-01-07,143.1545879266341
2010-01-08,143.79981964722418
2010-01-09,143.7152971226086
2010-01-10,143.63082427856418
2010-01-11,143.57035909301408
2010-01-12,143.24871953620445
2010-01-13,142.79612787482597
2010-01-14,142.58654166834307
2010-01-15,142.0847209089738
2010-01-16,142.0012064835038
2010-01-17,141.91774114606537
2010-01-18,141.91378614816057
2010-01-19,141.71078108808555
2010-01-20,140.65260599526647
2010-01-21,140.27636863328414
2010-01-22,139.768169828436
2010-01-23,139.6860170232115
2010-01-24,139.60391250568668
2010-01-25,139.3197206853302
2010-01-26,139.04797390705963
2010-01-27,137.86166989340788
2010-01-28,137.52247509617632
2010-01-29,137.36307331507163
2010-01-30,137.282334175245
2010-01-31,137.20164249219508
2010-02-01,137.73386117211973
2010-02-02,138.47603198504223
2010-02-03,137.60074212305963
2010-02-04,136.22690094108384
2010-02-05,135.68658691351635
2010-02-06,135.5127974491359
2010-02-07,135.33923057697046
2010-02-08,135.60924298282623
2010-02-09,136.4316465294157
2010-02-10,136.23792155433162
2010-02-11,136.05223873505327
2010-02-12,135.72712753557215
2010-02-13,135.55328614614032
2010-02-14,135.37966741543
2010-02-15,135.48574711697512
2010-02-16,135.68500390673626
2010-02-17,135.71670769867728
2010-02-18,135.70392768445777
2010-02-19,135.94628863992773
2010-02-20,135.7721665455876
2010-02-21,135.59826746950006
2010-02-22,135.6571568596535
2010-02-23,134.64351983178105
2010-02-24,134.69798096632516
2010-02-25,134.0428475729992
2010-02-26,134.97475558192326
2010-02-27,134.80187784204458
2010-02-28,134.62922152663015
2010-03-01,134.52539250953913
2010-03-02,134.98221210475432
2010-03-03,135.30698478777603
2010-03-04,134.6706828223651
2010-03-05,135.15730043786044
2010-03-06,135.0567234530307
2010-03-07,134.95622131232594
2010-03-08,134.59602816170323
2010-03-09,134.81382631004445
2010-03-10,134.76552965698156
2010-03-11,134.73578083267105
2010-03-12,135.16960965462152
2010-03-13,135.06902350991732
2010-03-14,134.96851221615432
2010-03-15,134.73434567276522
2010-03-16,134.58437680688468
2010-03-17,134.80088943770127
2010-03-18,133.72735214133635
2010-03-19,133.06658704602052
2010-03-20,132.96756586060684
2010-03-21,132.86861836157365
2010-03-22,132.68441062774625
2010-03-23,132.93744154736484
2010-03-24,132.83851646526796
2010-03-25,131.63978822319905
2010-03-26,131.18834637231623
2010-03-27,131.09072287524884
2010-03-28,130.99317202447557
2010-03-29,131.9627055255295
2010-03-30,132.1574231119754
2010-03-31,132.9635184219845
2010-04-01,132.9194898754321
2010-04-02,132.87547590816385
2010-04-03,132.831476515352
2010-04-04,132.78749169217053
2010-04-05,133.34593068452608
2010-04-06,133.13912578681453
2010-04-07,132.7521340344076
2010-04-08,132.42215890009408
2010-04-09,132.7783655374093
2010-04-10,132.73439830100045
2010-04-11,132.6904456235739
2010-04-12,133.39679282577458
2010-04-13,133.41891999162186
2010-04-14,133.74491061578067
2010-04-15,133.58105196778715
2010-04-16,132.4098581647798
2010-04-17,132.36601295315037
2010-04-18,132.32218226009692
2010-04-19,132.26145744218954
2010-04-20,132.49584883285
2010-04-21,132.47784109999031
2010-04-22,131.91158571078978
2010-04-23,131.98068143182303
2010-04-24,131.93697833457196
2010-04-25,131.8932897088382
2010-04-26,132.3425400161147
2010-04-27,131.55442686589842
2010-04-28,131.56899131986242
2010-04-29,132.74811336737156
2010-04-30,132.8480587110612
2010-05-01,132.79174012138984
2010-05-02,132.73553506961235
2010-05-03,132.45305871918285
2010-05-04,131.39957420794929
2010-05-05,130.14546601978793
2010-05-06,127.4526742815592
2010-05-07,128.09370023718233
2010-05-08,128.039483664317
2010-05-09,127.98529003900316
2010-05-10,129.74466901047415
2010-05-11,129.82021596771958
2010-05-12,129.60070638834233
2010-05-13,129.46983286703443
2010-05-14,128.00800146137018
2010-05-15,127.95382116112341
2010-05-16,127.89966379307538
2010-05-17,127.31521897821804
2010-05-18,127.48340666965284
2010-05-19,126.72048390725001
2010-05-20,125.85469937236591
2010-05-21,126.53740571371281
2010-05-22,126.48384785361229
2010-05-23,126.43031266225826
2010-05-24,126.37680013005613
2010-05-25,126.32331024741515
2010-05-26,125.97572681313845
2010-05-27,127.16851992643154
2010-05-28,126.97003451257231
2010-05-29,126.91629353924492
2010-05-30,126.862575312168
2010-05-31,127.34384967593184
2010-06-01,127.07513760406881
2010-06-02,126.3716233315457
2010-06-03,126.58307839935637
2010-06-04,125.28023032692997
2010-06-05,125.23519629278019
2010-06-06,125.19017844685281
2010-06-07,124.39455600761427
2010-06-08,124.25761241305511
2010-06-09,125.106777490818
2010-06-10,126.15142089215854
2010-06-11,126.05122483289799
2010-06-12,126.00591365212408
2010-06-13,125.96061875919742
2010-06-14,126.47801924984864
2010-06-15,127.38793490735232
2010-06-16,127.53552789695073
2010-06-17,127.76043909297951
2010-06-18,127.80361445737873
2010-06-19,127.75767335140438
2010-06-20,127.7117487597143
2010-06-21,127.66584067637213
2010-06-22,127.75812632146464
2010-06-23,126.71636037437317
2010-06-24,127.42568497727153
2010-06-25,127.5909809037821
2010-06-26,127.54511623242706
2010-06-27,127.49926804788063
2010-06-28,127.1753892066575
2010-06-29,126.13352318872346
2010-06-30,126.57950815573929
2010-07-01,127.05885020479803
2010-07-02,127.64454137562254
2010-07-03,127.5953416614086
2010-07-04,127.54616091088755
2010-07-05,127.54772562323654
2010-07-06,127.83755232330498
2010-07-07,128.21811901492288
2010-07-08,128.07021876050277
2010-07-09,128.02085497185638
2010-07-10,127.97151021014422
2010-07-11,127.9221844680325
2010-07-12,127.82993687272084
2010-07-13,128.25122950735107
2010-07-14,128.12546166552582
2010-07-15,128.13994121614292
2010-07-16,127.88950221596997
2010-07-17,127.84020808327791
2010-07-18,127.7909329506717
2010-07-19,127.50802909085922
2010-07-20,127.94094103087691
2010-07-21,127.71564896154506
2010-07-22,128.24282708399457
2010-07-23,128.1246382191683
2010-07-24,128.0752534549143
2010-07-25,128.02588772567944
2010-07-26,128.21072155414538
2010-07-27,128.02309700357034
2010-07-28,128.15893958954706
2010-07-29,128.40685423564688
2010-07-30,128.58087182394183
2010-07-31,128.5313112075697
2010-08-01,128.49939636350442
2010-08-02,129.08679776437288
2010-08-03,128.76951224291295
2010-08-04,128.51337924429717
2010-08-05,128.76907842257125
2010-08-06,128.72187562828404
2010-08-07,128.68991346630287
2010-08-08,128.6579592406557
2010-08-09,128.8181442809477
2010-08-10,128.1516777575948
2010-08-11,127.43648988653243
2010-08-12,127.15479118303452
2010-08-13,127.1291636890705
2010-08-14,127.09759700390121
2010-08-15,127.06603815686745
2010-08-16,127.03448714602294
2010-08-17,127.98768007597634
2010-08-18,128.00962593453394
2010-08-19,127.43574775473266
2010-08-20,127.26594364016535
2010-08-21,127.23434299198138
2010-08-22,127.20275019036606
2010-08-23,126.98316804850637
2010-08-24,126.9397214649642
2010-08-25,126.94661204394284
2010-08-26,127.1741469242532
2010-08-27,127.44469715484057
2010-08-28,127.41305212143641
2010-08-29,127.38141494562194
2010-08-30,127.13504846292274
2010-08-31,127.3020085511594
2010-09-01,127.92400271813685
2010-09-02,128.02399799077548
2010-09-03,128.3817139943787
2010-09-04,128.31691387889376
2010-09-05,128.25214647098707
2010-09-06,128.10988587443808
2010-09-07,127.67720220610632
2010-09-08,127.90394082200638
2010-09-09,127.6785446887968
2010-09-10,127.87378150785844
2010-09-11,127.80923776910154
2010-09-12,127.74472660851796
2010-09-13,128.250317656267
2010-09-14,128.95676715700603
2010-09-15,128.4068925751986
2010-09-16,128.54721915575274
2010-09-17,128.5847209321716
2010-09-18,128.51981834981183
2010-09-19,128.45494852675006
2010-09-20,128.18281604105147
2010-09-21,128.3457422683101
2010-09-22,129.12700990042788
2010-09-23,129.2244145751023
2010-09-24,129.9174257232413
2010-09-25,129.85185046389597
2010-09-26,129.7863083033795
2010-09-27,130.19637924727948
2010-09-28,130.47643527278242
2010-09-29,130.29848823013458
2010-09-30,130.3472605655798
2010-10-01,131.07545294130898
2010-10-02,130.95722408398157
2010-10-03,130.83910186799994
2010-10-04,130.2229720469796
2010-10-05,130.94425201705852
2010-10-06,130.8098578420481
2010-10-07,130.47047353314593
2010-10-08,130.82389536523542
2010-10-09,130.70589341053622
2010-10-10,130.58799789251876
2010-10-11,130.4702087151781
2010-10-12,130.30093917923523
2010-10-13,130.8601471232958
2010-10-14,130.66208975285585
2010-10-15,130.47089772358072
2010-10-16,130.3532141695193
2010-10-17,130.23563676494516
2010-10-18,130.0314854121423
2010-10-19,128.84623746230528
2010-10-20,129.53057917511165
2010-10-21,128.52289366368748
2010-10-22,128.16410266503811
2010-10-23,128.04849981897917
2010-10-24,127.93300124562789
2010-10-25,127.97174121980642
2010-10-26,127.58065193361945
2010-10-27,127.46557535477324
2010-10-28,127.23748477450194
2010-10-29,127.5060282667049
2010-10-30,127.39101899772236
2010-10-31,127.2761134660465
2010-11-01,127.07148052652062
2010-11-02,127.71413654011279
2010-11-03,127.47741915784249
2010-11-04,128.62530693604833
2010-11-05,128.3555214390952
2010-11-06,128.2963040902166
2010-11-07,128.23711406150596
2010-11-08,127.39138071390819
2010-11-09,127.27077040761803
2010-11-10,126.4837633421536
2010-11-11,126.19336642893941
2010-11-12,125.95145068016875
2010-11-13,125.89334245924397
2010-11-14,125.83526104678644
2010-11-15,125.80386677999122
2010-11-16,124.92290592566448
2010-11-17,125.38668784493755
2010-11-18,125.89298042957451
2010-11-19,125.75993161148551
2010-11-20,125.70191174867249
2010-11-21,125.64391865356235
2010-11-22,125.58595231380565
2010-11-23,124.48238938418972
2010-11-24,124.744750169441
2010-11-25,124.79785932502203
2010-11-26,124.26393987018712
2010-11-27,124.20661018933019
2010-11-28,124.14930695775786
2010-11-29,123.99346447507793
2010-11-30,124.23556923886143
2010-12-01,124.50304209242819
2010-12-02,124.73431441156615
2010-12-03,125.56782362163605
2010-12-04,125.52645360503641
2010-12-05,125.48509721834785
2010-12-06,125.45702171579629
2010-12-07,125.46156236851704
2010-12-08,125.42022736112337
2010-12-09,124.30376667868266
2010-12-10,124.12783179882057
2010-12-11,124.0869362069891
2010-12-12,124.04605408876301
2010-12-13,124.68389937738745
2010-12-14,125.0109370765235
2010-12-15,124.40272023492926
2010-12-16,124.25873989849694
2010-12-17,123.65620492810372
2010-12-18,123.61546472011906
2010-12-19,123.57473793454655
2010-12-20,123.66411604368356
2010-12-21,123.9767720990061
2010-12-22,123.92610339325594
2010-12-23,124.092213959337
2010-12-24,124.05133010228413
2010-12-25,124.01045971497055
2010-12-26,123.96960279295841
2010-12-27,124.3635431575882
2010-12-28,124.29985446444675
2010-12-29,124.65209334723606
2010-12-30,125.20867007942688
2010-12-31,125.46066245334404
2011-01-01,125.43726910201987
2011-01-02,125.41388011261184
2011-01-03,125.71363426244248
2011-01-04,124.87362772677757
2011-01-05,123.99902614806744
2011-01-06,123.351438206629
2011-01-07,123.26240480798705
2011-01-08,123.23942134301605
2011-01-09,123.21644216353387
2011-01-10,123.17371680552485
2011-01-11,123.2935832288938
2011-01-12,123.92808220644712
2011-01-13,124.69057041309827
2011-01-14,124.24734009190065
2011-01-15,124.22417297624044
2011-01-16,124.20101018031254
2011-01-17,124.22145245246136
2011-01-18,124.60296782846211
2011-01-19,124.91768941006126
2011-01-20,124.8173171844081
2011-01-21,125.05715318188619
2011-01-22,125.03383506875991
2011-01-23,125.01052130352086
2011-01-24,125.22534316828742
2011-01-25,125.33854088669658
2011-01-26,125.48118727478573
2011-01-27,125.45151154138043
2011-01-28,125.25698169079118
2011-01-29,125.23362631771091
2011-01-30,125.21027529946531
2011-01-31,125.87508288208429
2011-02-01,126.64496389556521
2011-02-02,126.6828818637451
2011-02-03,126.27988410797334
2011-02-04,125.9993141574103
2011-02-05,125.98754131641039
2011-02-06,125.97576957541467
2011-02-07,125.92711095138496
2011-02-08,126.43515916228311
2011-02-09,126.57726030545653
2011-02-10,126.21722543415717
2011-02-11,126.12498198688019
2011-02-12,126.11319740401179
2011-02-13,126.10141392224475
2011-02-14,126.09873407676358
2011-02-15,126.103047584803
2011-02-16,126.05975980467814
2011-02-17,126.54249569567814
2011-02-18,126.76083373707819
2011-02-19,126.74898974292165
2011-02-20,126.73714685541768
2011-02-21,126.70720544930596
2011-02-22,126.50290035827358
2011-02-23,126.5399009020039
2011-02-24,126.8944445683749
2011-02-25,126.96251420946845
2011-02-26,126.95065137114479
2011-02-27,126.93878964123438
2011-02-28,127.08910335846436
2011-03-01,127.02596807538865
2011-03-02,127.16239930515263
2011-03-03,127.30957495954924
2011-03-04,127.6907060144691
2011-03-05,127.60572519083252
2011-03-06,127.52080092370359
2011-03-07,127.4359331754427
2011-03-08,127.35112190843545
2011-03-09,126.89105968115331
2011-03-10,126.26780834858502
2011-03-11,126.17461590703603
2011-03-12,126.09064407293408
2011-03-13,126.00672812383623
2011-03-14,126.20724570864785
2011-03-15,126.12854986343945
2011-03-16,126.04801992285972
2011-03-17,125.64818628303772
2011-03-18,126.32695850372396
2011-03-19,126.24288528245182
2011-03-20,126.15886801365906
2011-03-21,126.52360964454914
2011-03-22,126.4107488163457
2011-03-23,126.27878365582217
2011-03-24,126.19474249591445
2011-03-25,126.11075726714856
2011-03-26,126.02682793230113
2011-03-27,125.94295445417363
2011-03-28,125.76890686502563
2011-03-29,125.96453830116442
2011-03-30,126.68876019101343
2011-03-31,127.14117965988889
2011-04-01,127.43580742237614
2011-04-02,127.34874388971953
2011-04-03,127.26173983845095
2011-04-04,127.15685827137591
2011-04-05,127.3292213736231
2011-04-06,127.37011681210966
2011-04-07,128.00888960589708
2011-04-08,128.59359558119925
2011-04-09,128.50574105322337
2011-04-10,128.41794654703978
2011-04-11,128.07552502232704
2011-04-12,127.92666325674074
2011-04-13,127.78323495268063
2011-04-14,128.46884879902666
2011-04-15,128.6138706467706
2011-04-16,128.52600226696717
2011-04-17,128.4381939184195
2011-04-18,127.6105837359772
2011-04-19,128.25096048915992
2011-04-20,128.64001001754502
2011-04-21,128.55212377944875
2011-04-22,128.464297584809
2011-04-23,128.37653139260436
2011-04-24,128.28882516184143
2011-04-25,128.56786347588516
2011-04-26,128.9930347476848
2011-04-27,129.13519996573447
2011-04-28,128.53090054143624
2011-04-29,129.13450881014276
2011-04-30,129.04628473284222
2011-05-01,128.9893483718299
2011-05-02,128.82856970875008
2011-05-03,128.1009146135985
2011-05-04,127.69931269284083
2011-05-05,126.50292180317528
2011-05-06,126.5460860306789
2011-05-07,126.49027262666297
2011-05-08,126.4344838392604
2011-05-09,126.16511550248306
2011-05-10,126.36002300700748
2011-05-11,125.5433954823215
2011-05-12,125.68216445976323
2011-05-13,124.85066572753539
2011-05-14,124.79560009203072
2011-05-15,124.7405587433346
2011-05-16,124.91214569947108
2011-05-17,125.05816539160315
2011-05-18,125.51570687643965
2011-05-19,125.56301768750214
2011-05-20,125.47071757957741
2011-05-21,125.41537846896489
2011-05-22,125.36006376577762
2011-05-23,124.16779529523384
2011-05-24,124.38359869255223
2011-05-25,124.32873905789627
2011-05-26,124.68923300505337
2011-05-27,125.62527302941598
2011-05-28,125.56986575181355
2011-05-29,125.51448291170159
2011-05-30,125.62319859433188
2011-05-31,126.29846607850243
2011-06-01,126.08234906689921
2011-06-02,126.485556968899
2011-06-03,126.86436874463156
2011-06-04,126.807099659787
2011-06-05,126.74985642733986
2011-06-06,126.34573771501279
2011-06-07,126.6620527416509
2011-06-08,126.2226083200572
2011-06-09,125.94784248880264
2011-06-10,125.06155938871566
2011-06-11,125.00510412766563
2011-06-12,124.94867435163688
2011-06-13,125.3970160954181
2011-06-14,125.75818006816687
2011-06-15,124.47766865272074
2011-06-16,123.95750774144183
2011-06-17,124.62985064369252
2011-06-18,124.57359026450723
2011-06-19,124.5173552823697
2011-06-20,124.46114568581513
2011-06-21,125.07700641560066
2011-06-22,125.14488005423172
2011-06-23,124.43034892432574
2011-06-24,124.14862674287332
2011-06-25,124.09258359767324
2011-06-26,124.03656575145719
2011-06-27,124.22445401115543
2011-06-28,124.95948172183124
2011-06-29,125.64265501480976
2011-06-30,126.13595542917292
2011-07-01,126.25606188413599
2011-07-02,126.19933170806006
2011-07-03,126.14262702234737
2011-07-04,126.27837440128087
2011-07-05,125.9736966256076
2011-07-06,125.57991690467085
2011-07-07,125.96423128465169
2011-07-08,125.48932618136213
2011-07-09,125.43294051984479
2011-07-10,125.37658019389121
2011-07-11,124.36558363327725
2011-07-12,124.3895888840353
2011-07-13,124.7918952614566
2011-07-14,124.86813330275757
2011-07-15,124.77705844781757
2011-07-16,124.72099282696468
2011-07-17,124.66495239787281
2011-07-18,124.42230140030337
2011-07-19,125.27926329294827
2011-07-20,125.47009316587645
2011-07-21,126.13395841710617
2011-07-22,126.12463757845609
2011-07-23,126.06796645478437
2011-07-24,126.01132079494212
2011-07-25,126.2544790832302
2011-07-26,126.77192702298052
2011-07-27,125.50131179211677
2011-07-28,125.51129300034141
2011-07-29,126.03855448461725
2011-07-30,125.98192204034831
2011-07-31,125.92531504252918
2011-08-01,125.38117641733334
2011-08-02,125.03688475924604
2011-08-03,125.48108858876554
2011-08-04,124.29406200138284
2011-08-05,124.36275295416834
2011-08-06,124.28352655618721
2011-08-07,124.20435063008766
2011-08-08,123.09196869054159
2011-08-09,122.34000008281029
2011-08-10,122.91209820232281
2011-08-11,122.25047610211234
2011-08-12,122.84247283083238
2011-08-13,122.76421494082675
2011-08-14,122.68600690570611
2011-08-15,123.62482788750835
2011-08-16,123.66440599652992
2011-08-17,124.05040274321651
2011-08-18,123.03454189002096
2011-08-19,123.5483222576712
2011-08-20,123.46961470000967
2011-08-21,123.39095728369784
2011-08-22,123.31234997679275
2011-08-23,123.30834311268659
2011-08-24,123.14804118809069
2011-08-25,122.95725770649912
2011-08-26,123.18616836585608
2011-08-27,123.10769152155265
2011-08-28,123.02926467162098
2011-08-29,123.28625447399058
2011-08-30,123.56633265128578
2011-08-31,123.52278515524328
2011-09-01,123.55142303415117
2011-09-02,121.63305957051374
2011-09-03,121.56263903943245
2011-09-04,121.49225927893778
2011-09-05,121.20264609450693
2011-09-06,120.46078032850696
2011-09-07,120.5156593002853
2011-09-08,120.01843279633671
2011-09-09,118.80447259939122
2011-09-10,118.73568970364867
2011-09-11,118.66694663036942
2011-09-12,117.4144915872952
2011-09-13,117.64769783193563
2011-09-14,117.21137994534554
2011-09-15,117.75412190774222
2011-09-16,117.33495047546766
2011-09-17,117.26701837250111
2011-09-18,117.19912559942387
2011-09-19,114.82727186798887
2011-09-20,114.2078104911316
2011-09-21,113.02533401924842
2011-09-22,111.14025908007063
2011-09-23,112.2488105701594
2011-09-24,112.18382313268553
2011-09-25,112.11887332026093
2011-09-26,111.91178226794042
2011-09-27,113.5558136782483
2011-09-28,112.50137253081446
2011-09-29,112.40831692717958
2011-09-30,111.06506231893005
2011-10-01,111.03014856581868
2011-10-02,110.99506645586207
2011-10-03,109.84302737107126
2011-10-04,109.89874396078218
2011-10-05,111.63971891825679
2011-10-06,112.99053442218701
2011-10-07,113.25809947680743
2011-10-08,113.22231340292888
2011-10-09,113.18653863634833
2011-10-10,113.1507751734931
2011-10-11,114.21234266224181
2011-10-12,114.17003055581465
2011-10-13,114.61853194205167
2011-10-14,115.34351603223045
2011-10-15,115.3070710308998
2011-10-16,115.27063754506798
2011-10-17,112.61863901125417
2011-10-18,114.25654460204215
2011-10-19,114.42109280359934
2011-10-20,113.63273778005328
2011-10-21,114.08517057813856
2011-10-22,114.0491231752454
2011-10-23,114.0130871622222
2011-10-24,115.13102330739787
2011-10-25,114.78323987456305
2011-10-26,114.84586175101599
2011-10-27,117.12109122105674
2011-10-28,117.71735232496849
2011-10-29,117.68015726442496
2011-10-30,117.64297395637591
2011-10-31,116.7992875805788
2011-11-01,115.0209276438851
2011-11-02,114.99460853723195
2011-11-03,115.4533642737847
2011-11-04,115.37628588028244
2011-11-05,115.33179531901847
2011-11-06,115.28732191387996
2011-11-07,114.93429738091582
2011-11-08,115.21852113942003
2011-11-09,114.32384621344794
2011-11-10,114.24761558545433
2011-11-11,115.26761809118227
2011-11-12,115.22316943359796
2011-11-13,115.17873791598059
2011-11-14,114.3788492792981
2011-11-15,113.7363478096777
2011-11-16,113.37860818807981
2011-11-17,112.87828870508645
2011-11-18,112.8117536751658
2011-11-19,112.76825203009298
2011-11-20,112.72476715980702
2011-11-21,111.86185450920601
2011-11-22,112.0341055606914
2011-11-23,110.38230429798868
2011-11-24,109.68907378438276
2011-11-25,109.31228680184361
2011-11-26,109.27013459564488
2011-11-27,109.22799864387231
2011-11-28,109.18587894025791
2011-11-29,110.81684480077014
2011-11-30,112.15320588357496
2011-12-01,112.2375777071564
2011-12-02,112.44737848186168
2011-12-03,112.39698542061541
2011-12-04,112.34661494291578
2011-12-05,112.77910926938208
2011-12-06,112.157675230125
2011-12-07,112.25787971921999
2011-12-08,112.2075715814542
2011-12-09,112.15728598917683
2011-12-10,112.10702293228411
2011-12-11,112.05678240067691
2011-12-12,110.36009003381399
2011-12-13,109.64894197982125
2011-12-14,108.88779903838291
2011-12-15,109.30539941349855
2011-12-16,109.58670448058905
2011-12-17,109.53759342450904
2011-12-18,109.4885043774478
2011-12-19,109.2419515980749
2011-12-20,109.94614850223176
2011-12-21,109.59676095114528
2011-12-22,109.68625792736158
2011-12-23,109.35604574519353
2011-12-24,109.3070380583511
2011-12-25,109.25805233420269
2011-12-26,109.20908856290572
2011-12-27,109.35356789764485
2011-12-28,108.72022235149288
2011-12-29,109.00215223464448
2011-12-30,109.12853511286136
2011-12-31,109.07962938444061
2012-01-01,109.05337569108033
2012-01-02,109.02712831655722
2012-01-03,110.11505650121794
2012-01-04,110.19903584738083
2012-01-05,109.57262489589547
2012-01-06,109.22889846709715
2012-01-07,109.20260884709553
2012-01-08,109.17632555457801
2012-01-09,109.33299803766772
2012-01-10,110.39402472879718
2012-01-11,110.15674383535712
2012-01-12,110.97139335400767
2012-01-13,110.43930271165958
2012-01-14,110.41272176703522
2012-01-15,110.38614722001203
2012-01-16,110.71825361792071
2012-01-17,111.00246826869314
2012-01-18,111.63509211603247
2012-01-19,111.69837707024087
2012-01-20,111.98939081426008
2012-01-21,111.96243678863095
2012-01-22,111.93548925039758
2012-01-23,112.36900886378972
2012-01-24,112.40454293779037
2012-01-25,112.48234307262561
2012-01-26,113.24446888609852
2012-01-27,113.21311542591408
2012-01-28,113.18586686966643
2012-01-29,113.15862487170327
2012-01-30,112.79694251211406
2012-01-31,112.72210803715758
2012-02-01,113.34734601191623
2012-02-02,113.62104892474039
2012-02-03,113.78491143540637
2012-02-04,113.75155216753845
2012-02-05,113.71820267988424
2012-02-06,113.498593024492
2012-02-07,113.85191392154397
2012-02-08,114.05794565546815
2012-02-09,114.1237309846755
2012-02-10,113.6157262391734
2012-02-11,113.58241657273513
2012-02-12,113.54911667196852
2012-02-13,113.81048156435591
2012-02-14,113.50190253977517
2012-02-15,113.3710828535655
2012-02-16,113.44852085742643
2012-02-17,113.74791452983469
2012-02-18,113.71456610865695
2012-02-19,113.6812274645129
2012-02-20,113.64789859453617
2012-02-21,113.61457949586118
2012-02-22,113.89773342350648
2012-02-23,113.95061543900769
2012-02-24,114.38963202985732
2012-02-25,114.35609547102838
2012-02-26,114.32256874439103
2012-02-27,114.28905184706271
2012-02-28,114.37979612747189
2012-02-29,113.88433639653834
2012-03-01,113.42826922605047
2012-03-02,112.45626849622161
2012-03-03,112.34443345080774
2012-03-04,112.2327096226479
2012-03-05,111.83953477776085
2012-03-06,110.8339731449855
2012-03-07,110.62770662891583
2012-03-08,110.79195632618892
2012-03-09,110.30934437303522
2012-03-10,110.19964439185588
2012-03-11,110.09005350466072
2012-03-12,109.3134695684725
2012-03-13,109.72397198647907
2012-03-14,109.03644375987176
2012-03-15,109.35663159064165
2012-03-16,109.62551812484334
2012-03-17,109.51649819236687
2012-03-18,109.40758667758254
2012-03-19,109.44839021581868
2012-03-20,109.00463574347394
2012-03-21,108.80957491747856
2012-03-22,108.54302199522763
2012-03-23,108.87059352323578
2012-03-24,108.76232434505906
2012-03-25,108.65416283796743
2012-03-26,108.80575532627053
2012-03-27,108.77385175124195
2012-03-28,108.29947498584677
2012-03-29,108.10804953061017
2012-03-30,108.3715499171048
2012-03-31,108.26377702575229
2012-04-01,108.20579464846764
2012-04-02,108.14784332456178
2012-04-03,108.1721431591601
2012-04-04,107.80982819320899
2012-04-05,107.75208893539792
2012-04-06,107.6943806007591
2012-04-07,107.63670317273126
2012-04-08,107.57905663476176
2012-04-09,107.50550247611012
2012-04-10,107.11158476648122
2012-04-11,107.20022756349769
2012-04-12,107.63903812308027
2012-04-13,107.0686485320524
2012-04-14,107.01130622472583
2012-04-15,106.9539946279785
2012-04-16,106.93136010288686
2012-04-17,106.79119883318164
2012-04-18,106.07120250017672
2012-04-19,105.86565101498353
2012-04-20,106.50915060479748
2012-04-21,106.45210794543078
2012-04-22,106.39509583616207
2012-04-23,105.74037844948154
2012-04-24,106.13623195948772
2012-04-25,106.00623532595066
2012-04-26,106.04241461947304
2012-04-27,106.24170535491533
2012-04-28,106.18480593008009
2012-04-29,106.12793697863134
2012-04-30,106.07109848424858
2012-05-01,106.01164439642426
2012-05-02,105.21218723660493
2012-05-03,105.05295588829514
2012-05-04,104.96204508678619
2012-05-05,104.90321165395235
2012-05-06,104.84441119849448
2012-05-07,104.93410278747417
2012-05-08,104.47946772844459
2012-05-09,103.93094494895485
2012-05-10,103.89720568320135
2012-05-11,103.75784970807884
2012-05-12,103.69969125206995
2012-05-13,103.64156539509828
2012-05-14,102.67306799175002
2012-05-15,102.18559823540123
2012-05-16,102.01205321457942
2012-05-17,102.17296463112744
2012-05-18,101.41246176388974
2012-05-19,101.35561794712945
2012-05-20,101.29880599252341
2012-05-21,101.36202997703631
2012-05-22,101.12449492557293
2012-05-23,100.71579028145163
2012-05-24,100.63736091744569
2012-05-25,100.58095156100435
2012-05-26,100.5245738231932
2012-05-27,100.46822768628927
2012-05-28,101.75203335965774
2012-05-29,101.13198416360977
2012-05-30,100.3971428040832
2012-05-31,100.24824028103987
2012-06-01,99.82779889511644
2012-06-02,99.7833525941343
2012-06-03,99.73892608196546
2012-06-04,99.87466395919347
2012-06-05,100.28159358052291
2012-06-06,100.92404130927197
2012-06-07,100.61572373208949
2012-06-08,100.36921654301763
2012-06-09,100.3245291868184
2012-06-10,100.27986172675737
2012-06-11,99.98136285545749
2012-06-12,99.7180484655875
2012-06-13,99.823830713705
2012-06-14,99.7258596918883
2012-06-15,100.43059066303013
2012-06-16,103.19498511430356
2012-06-17,103.14903964201025
2012-06-18,99.86357007723556
2012-06-19,100.81264955857444
2012-06-20,100.76776477282657
2012-06-21,100.00741047672035
2012-06-22,99.86190650991178
2012-06-23,99.81744502320655
2012-06-24,99.77300333207569
2012-06-25,99.44300941928829
2012-06-26,99.4071155471832
2012-06-27,99.16086360657289
2012-06-28,98.94344099659509
2012-06-29,101.07410784231814
2012-06-30,101.02910664757701
2012-07-01,100.98532077551263
2012-07-02,101.28191009298446
2012-07-03,101.11447604062687
2012-07-04,100.39686531572744
2012-07-05,100.46663201653115
2012-07-06,99.82354141153897
2012-07-07,99.78022329027297
2012-07-08,99.7369239667735
2012-07-09,99.69364343288342
2012-07-10,99.8311446371311
2012-07-11,99.82481951388009
2012-07-12,99.59330196186318
2012-07-13,99.91593903972137
2012-07-14,99.87258082278649
2012-07-15,99.82924142101756
2012-07-16,99.86727941170155
2012-07-17,100.1209510194111
2012-07-18,100.30886802333383
2012-07-19,100.37725771201096
2012-07-20,100.05539710734578
2012-07-21,100.01197837300786
2012-07-22,99.96857848009726
2012-07-23,99.61772050475028
2012-07-24,99.25355386354201
2012-07-25,99.55387289353992
2012-07-26,100.20010454978203
2012-07-27,100.48573121722062
2012-07-28,100.44212574070856
2012-07-29,100.39853918666002
2012-07-30,100.06905138146291
2012-07-31,100.07832984318368
2012-08-01,100.15515226064645
2012-08-02,99.62009648057972
2012-08-03,100.5497972785103
2012-08-04,100.50147053909173
2012-08-05,100.45316702670901
2012-08-06,100.53802318021023
2012-08-07,100.6751570739647
2012-08-08,100.67851563529703
2012-08-09,100.6781585581528
2012-08-10,100.62527510474592
2012-08-11,100.5769120888023
2012-08-12,100.52857231732992
2012-08-13,100.41917421351934
2012-08-14,100.34688221859372
2012-08-15,100.35337805688582
2012-08-16,100.4756936511981
2012-08-17,100.53993760387196
2012-08-18,100.49161560325888
2012-08-19,100.44331682740403
2012-08-20,100.39504126514495
2012-08-21,100.68086294423428
2012-08-22,100.58719043581151
2012-08-23,100.60410485226842
2012-08-24,100.70694803562003
2012-08-25,100.65854576562967
2012-08-26,100.61016675897696
2012-08-27,100.45927443299676
2012-08-28,100.28653863346455
2012-08-29,100.06277047113015
2012-08-30,100.03337564752609
2012-08-31,100.60688549498542
2012-09-01,100.5621911424943
2012-09-02,100.51751664535536
2012-09-03,100.63247435744398
2012-09-04,100.43497441841242
2012-09-05,100.51787014199436
2012-09-06,100.85260123711184
2012-09-07,101.34088242545435
2012-09-08,101.29586199669743
2012-09-09,101.25086156815122
2012-09-10,101.27641113206502
2012-09-11,101.52437234354383
2012-09-12,101.55552837428586
2012-09-13,101.80026150526949
2012-09-14,102.36493971499077
2012-09-15,102.3194643513927
2012-09-16,102.27400919010898
2012-09-17,101.99435230274312
2012-09-18,101.93281390163173
2012-09-19,102.09426917215609
2012-09-20,101.83206240191642
2012-09-21,101.9887577843373
2012-09-22,101.94344953860322
2012-09-23,101.89816142094188
2012-09-24,101.8528934224114
2012-09-25,101.7890060283809
2012-09-26,101.4697313654989
2012-09-27,101.63551341541628
2012-09-28,101.67867375964012
2012-09-29,101.63350326794381
2012-09-30,101.5883528431233
2012-10-01,101.74602017736278
2012-10-02,101.66228604251388
2012-10-03,101.68939807869477
2012-10-04,102.06493991035097
2012-10-05,101.9574636158164
2012-10-06,101.91466947576615
2012-10-07,101.87189329750468
2012-10-08,101.82913507349294
2012-10-09,101.47771846968827
2012-10-10,101.40493451616233
2012-10-11,101.641177745031
2012-10-12,101.66181820197495
2012-10-13,101.61914815182259
2012-10-14,101.57649601137528
2012-10-15,101.75972025346522
2012-10-16,101.97572734764917
2012-10-17,102.19130783749564
2012-10-18,102.19856706537318
2012-10-19,102.01251472485701
2012-10-20,101.96969747845648
2012-10-21,101.92689820354306
2012-10-22,102.00711504803823
2012-10-23,101.749444039524
2012-10-24,101.8515498929598
2012-10-25,101.90465024643396
2012-10-26,101.76693336489748
2012-10-27,101.72421919523835
2012-10-28,101.6815229538024
2012-10-29,101.57034118390347
2012-10-30,101.8045905798906
2012-10-31,101.85499645227496
2012-11-01,101.82445107761356
2012-11-02,101.55133398693484
2012-11-03,101.48923610722753
2012-11-04,101.42717619990836
2012-11-05,101.18157979607662
2012-11-06,101.11970801828613
2012-11-07,101.11243884870646
2012-11-08,100.98539941292152
2012-11-09,100.82904669926893
2012-11-10,100.76739049282524
2012-11-11,100.70577198868973
2012-11-12,100.62465040868871
2012-11-13,100.13851130348954
2012-11-14,100.27864320517929
2012-11-15,100.38426682756038
2012-11-16,100.19505528649258
2012-11-17,100.13378676104668
2012-11-18,100.07255570084493
2012-11-19,100.35391276823012
2012-11-20,100.32268181599477
2012-11-21,100.2226937709859
2012-11-22,100.37394337719485
2012-11-23,100.64127456994069
2012-11-24,100.57973318474693
2012-11-25,100.51822943164903
2012-11-26,100.45676328763523
2012-11-27,100.50096467498241
2012-11-28,100.42706019541198
2012-11-29,100.31697323327376
2012-11-30,99.9729042727633
2012-12-01,99.9403336841128
2012-12-02,99.90781418651132
2012-12-03,100.12385216082352
2012-12-04,100.4322032276123
2012-12-05,100.71290841582336
2012-12-06,100.96615869365306
2012-12-07,100.9086430118269
2012-12-08,100.87580843690178
2012-12-09,100.84298454599023
2012-12-10,100.93739945987954
2012-12-11,101.16461555593241
2012-12-12,101.43975904123054
2012-12-13,101.26238035337485
2012-12-14,101.4461377965538
2012-12-15,101.41312832667168
2012-12-16,101.38012959771206
2012-12-17,101.26732739246206
2012-12-18,101.55929925538977
2012-12-19,102.01534965757864
2012-12-20,102.18880483734047
2012-12-21,101.78805947641041
2012-12-22,101.75493874893252
2012-12-23,101.7218287985791
2012-12-24,101.68872962184341
2012-12-25,101.65564121521986
2012-12-26,102.09685497041576
2012-12-27,102.20399031931497
2012-12-28,102.32360011351322
2012-12-29,102.29030512693672
2012-12-30,102.25702097418667
2012-12-31,102.21381476162463
2013-01-01,102.16326495448031
2013-01-02,102.36949537408991
2013-01-03,102.4229099099542
2013-01-04,102.17550849661325
2013-01-05,102.12497763381919
2013-01-06,102.07447176104607
2013-01-07,102.36215373484963
2013-01-08,102.08168039207095
2013-01-09,102.1529054045179
2013-01-10,102.66351593303362
2013-01-11,102.72553559327689
2013-01-12,102.67473271477023
2013-01-13,102.62395496080978
2013-01-14,102.81882646614622
2013-01-15,102.6223409717723
2013-01-16,102.28698121233266
2013-01-17,102.48814167792837
2013-01-18,102.27348309743793
2013-01-19,102.22290378133856
2013-01-20,102.17234947922262
2013-01-21,102.28499644610953
2013-01-22,102.19149711754191
2013-01-23,102.43299099046179
2013-01-24,102.5310106870367
2013-01-25,102.56709292360058
2013-01-26,102.51636840286204
2013-01-27,102.4656689679179
2013-01-28,103.03959370130646
2013-01-29,103.46097824040727
2013-01-30,103.5755236341413
2013-01-31,103.52430039433966
2013-02-01,103.79603228279211
2013-02-02,103.76006725224852
2013-02-03,103.72411468348588
2013-02-04,103.2963764525099
2013-02-05,103.5038266055656
2013-02-06,103.39123588893531
2013-02-07,103.63026663848625
2013-02-08,103.52108287627462
2013-02-09,103.4852131149199
2013-02-10,103.44935578233563
2013-02-11,103.41351087421533
2013-02-12,103.37767838625396
2013-02-13,103.76385580322673
2013-02-14,103.65202350141305
2013-02-15,103.64223533414203
2013-02-16,103.60632359380455
2013-02-17,103.57042429678316
2013-02-18,103.68387215095123
2013-02-19,103.89093250553849
2013-02-20,103.8549345923371
2013-02-21,103.21950118763456
2013-02-22,103.32627889224075
2013-02-23,103.29047662991351
2013-02-24,103.25468677296854
2013-02-25,103.29025648525949
2013-02-26,102.79310189078366
2013-02-27,103.08858242489367
2013-02-28,103.17429269330623
2013-03-01,102.91197669563982
2013-03-02,102.8491708897818
2013-03-03,102.78640341346885
2013-03-04,102.77839307964808
2013-03-05,103.1022000985114
2013-03-06,103.04874870556644
2013-03-07,103.2931114298209
2013-03-08,103.31202036464082
2013-03-09,103.24874862356468
2013-03-10,103.18551563222167
2013-03-11,103.25408855577957
2013-03-12,103.20074550921802
2013-03-13,103.02423849283132
2013-03-14,103.11537345712193
2013-03-15,103.12016394745658
2013-03-16,103.05700970567536
2013-03-17,102.9938941416668
2013-03-18,102.70362118521383
2013-03-19,102.54062411776796
2013-03-20,102.53626366028199
2013-03-21,102.21597632789057
2013-03-22,102.37286527856224
2013-03-23,102.31016870751206
2013-03-24,102.24751053394165
2013-03-25,102.19469152512283
2013-03-26,102.1707607163163
2013-03-27,101.99737042039612
2013-03-28,101.93490381497199
2013-03-29,101.87247546618896
2013-03-30,101.8100853506174
2013-03-31,101.74773344484198
2013-04-01,101.69270701398214
2013-04-02,101.63771034209567
2013-04-03,101.65225625295268
2013-04-04,102.0261544701635
2013-04-05,102.37384112608683
2013-04-06,102.31847608846034
2013-04-07,102.26314099292999
2013-04-08,102.34290380149356
2013-04-09,102.57640036917842
2013-04-10,102.67450705997605
2013-04-11,102.88609125969197
2013-04-12,103.00704295130699
2013-04-13,102.95133547031321
2013-04-14,102.89565811661316
2013-04-15,102.60199832773338
2013-04-16,102.6240256478046
2013-04-17,102.06792576760795
2013-04-18,101.8076000545114
2013-04-19,102.0467657268654
2013-04-20,101.99157757565429
2013-04-21,101.93641927087695
2013-04-22,101.6572790576453
2013-04-23,101.49249059773113
2013-04-24,101.70938182237457
2013-04-25,101.88684131624026
2013-04-26,102.13183976552533
2013-04-27,102.07660560522345
2013-04-28,102.02140131623759
2013-04-29,102.0947880235356
2013-04-30,102.3480751317259
2013-05-01,102.29885410794799
2013-05-02,102.01532035162319
2013-05-03,102.20058780188704
2013-05-04,102.15146048386299
2013-05-05,102.10235678109815
2013-05-06,102.06709033315869
2013-05-07,102.27069392407489
2013-05-08,102.49617271514823
2013-05-09,102.54069400069568
2013-05-10,101.79373006861266
2013-05-11,101.74479832509246
2013-05-12,101.6958901028198
2013-05-13,101.96175851000582
2013-05-14,101.74664282286258
2013-05-15,101.23114046942567
2013-05-16,101.2515279140492
2013-05-17,100.97035256026943
2013-05-18,100.92181661025275
2013-05-19,100.87330399122763
2013-05-20,101.12465586437736
2013-05-21,101.08549526767297
2013-05-22,100.78652373861856
2013-05-23,101.07533182816795
2013-05-24,100.92414990506822
2013-05-25,100.8756361644398
2013-05-26,100.827145744127
2013-05-27,100.80600193063705
2013-05-28,100.23528274660293
2013-05-29,99.668946016031
2013-05-30,99.77409837455359
2013-05-31,99.20245982362813
2013-06-01,99.14241451979665
2013-06-02,99.08240556021025
2013-06-03,99.36579040102929
2013-06-04,99.14574769525913
2013-06-05,99.36685919412547
2013-06-06,99.76185222264952
2013-06-07,99.5445229352863
2013-06-08,99.48427058736029
2013-06-09,99.42405470899904
2013-06-10,99.29254585793134
2013-06-11,99.37525447443136
2013-06-12,99.57151077757919
2013-06-13,99.83748188628732
2013-06-14,99.93165913627266
2013-06-15,99.87117246239488
2013-06-16,99.81072239991488
2013-06-17,99.51292070560172
2013-06-18,99.32487419121576
2013-06-19,99.28517385339899
2013-06-20,99.22507848438707
2013-06-21,99.1650194899237
2013-06-22,99.10499684799211
2013-06-23,99.04501053658876
2013-06-24,97.46365545915772
2013-06-25,97.65116762200408
2013-06-26,98.0636488592321
2013-06-27,98.39928855734208
2013-06-28,97.9233049099688
2013-06-29,97.86403385352568
2013-06-30,97.80479867269085
2013-07-01,97.82783764401725
2013-07-02,97.2613958132874
2013-07-03,97.03670882780986
2013-07-04,96.92704804764851
2013-07-05,96.56166671008572
2013-07-06,96.49735476317942
2013-07-07,96.43308564927979
2013-07-08,96.6397352733307
2013-07-09,96.57537133124386
2013-07-10,96.2982880518437
2013-07-11,96.89007579960821
2013-07-12,96.97926842579339
2013-07-13,96.91467834802748
2013-07-14,96.85013128850878
2013-07-15,97.33653830960685
2013-07-16,97.40942811435343
2013-07-17,97.78101149509607
2013-07-18,97.9697863708694
2013-07-19,97.94555401551132
2013-07-20,97.88032037276086
2013-07-21,97.81513017688442
2013-07-22,97.7762249710965
2013-07-23,98.12212246766701
2013-07-24,97.42366871707938
2013-07-25,97.65969461835783
2013-07-26,97.75640140563212
2013-07-27,97.69129374219642
2013-07-28,97.62622944173008
2013-07-29,97.46295229365153
2013-07-30,97.28676297028504
2013-07-31,97.14433018054513
2013-08-01,96.90899634767923
2013-08-02,97.34958801671539
2013-08-03,97.30079395487004
2013-08-04,97.25202434983566
2013-08-05,96.8736594071522
2013-08-06,97.20093366759899
2013-08-07,97.16016199487414
2013-08-08,97.77730164195991
2013-08-09,97.82967170257207
2013-08-10,97.78063701070933
2013-08-11,97.73162689626736
2013-08-12,97.66439519610547
2013-08-13,97.18460282145543
2013-08-14,97.123433020217
2013-08-15,96.98686646895628
2013-08-16,96.38329704292526
2013-08-17,96.33498731041811
2013-08-18,96.28670179196385
2013-08-19,96.23844047542582
2013-08-20,96.11142827989366
2013-08-21,95.54341415820696
2013-08-22,95.63552482547573
2013-08-23,96.77958802269643
2013-08-24,96.73107965918348
2013-08-25,96.68259560928237
2013-08-26,96.3561548418461
2013-08-27,96.51147005184878
2013-08-28,97.36963726082382
2013-08-29,96.67497748578405
2013-08-30,96.48254957816343
2013-08-31,96.43419009778941
2013-09-01,96.37174030399461
2013-09-02,96.30933095204662
2013-09-03,96.7595669565518
2013-09-04,97.15769374876757
2013-09-05,97.33157200865811
2013-09-06,97.9718087645082
2013-09-07,97.90836322461367
2013-09-08,97.84495877140095
2013-09-09,98.35548282127718
2013-09-10,98.40637935137654
2013-09-11,98.86578731168562
2013-09-12,98.69179376350158
2013-09-13,98.61839887453809
2013-09-14,98.5545346095109
2013-09-15,98.49071170232764
2013-09-16,98.81852516372129
2013-09-17,99.22200033441224
2013-09-18,100.20669623549483
2013-09-19,100.58187264353806
2013-09-20,100.50046179185803
2013-09-21,100.43537872216233
2013-09-22,100.37033779959597
2013-09-23,100.71477194345245
2013-09-24,100.6740605578728
2013-09-25,100.06700648736874
2013-09-26,99.77602858529693
2013-09-27,99.6086685059421
2013-09-28,99.54416295244431
2013-09-29,99.47969917208226
2013-09-30,100.07014316493905
2013-10-01,100.09260387650068
2013-10-02,100.54725865728815
2013-10-03,100.68801207843411
2013-10-04,100.49677525873086
2013-10-05,100.40977113420892
2013-10-06,100.32284233267785
2013-10-07,100.41843470615994
2013-10-08,100.32355132907007
2013-10-09,100.10091696645036
2013-10-10,100.83857491070117
2013-10-11,100.68580929225293
2013-10-12,100.59864151331972
2013-10-13,100.5115491990596
2013-10-14,100.42453228413974
2013-10-15,100.38092434792536
2013-10-16,100.83356804846176
2013-10-17,101.11290287685462
2013-10-18,100.95458023240917
2013-10-19,100.86717976759836
2013-10-20,100.77985496890625
2013-10-21,100.71467982761759
2013-10-22,100.8523142567592
2013-10-23,100.51402045788373
2013-10-24,100.24921038816466
2013-10-25,100.65755659058865
2013-10-26,100.57041327116241
2013-10-27,100.48334539523364
2013-10-28,100.5414922062391
2013-10-29,100.44403018746935
2013-10-30,100.52044088658363
2013-10-31,99.3893918150332
2013-11-01,99.04246813286633
2013-11-02,98.96451457402378
2013-11-03,98.8866223702489
2013-11-04,99.30039672407976
2013-11-05,98.65600070077637
2013-11-06,98.5783513196495
2013-11-07,97.85663749544543
2013-11-08,97.83429288399952
2013-11-09,97.75729024613189
2013-11-10,97.68034821488862
2013-11-11,97.47586927602775
2013-11-12,97.48897867695199
2013-11-13,97.52246604571249
2013-11-14,97.92635997178826
2013-11-15,98.05399442067677
2013-11-16,97.97681886186936
2013-11-17,97.89970404578754
2013-11-18,98.8437447588862
2013-11-19,99.33417070012416
2013-11-20,99.13911860571169
2013-11-21,98.67061626333626
2013-11-22,99.37489987954619
2013-11-23,99.29668467296591
2013-11-24,99.21853102738895
2013-11-25,99.14043889436233
2013-11-26,99.19197934736181
2013-11-27,99.02389799475948
2013-11-28,98.99828564600914
2013-11-29,98.97518320982897
2013-11-30,98.89728260906904
2013-12-01,98.82896069112155
2013-12-02,98.60824530495167
2013-12-03,98.63252978159863
2013-12-04,98.83334936976684
2013-12-05,99.67682597782829
2013-12-06,100.52843061638468
2013-12-07,100.45889281492141
2013-12-08,100.38940311433673
2013-12-09,100.61495479139538
2013-12-10,101.04072344792424
2013-12-11,100.74214921490284
2013-12-12,100.46635311635299
2013-12-13,100.66296616406103
2013-12-14,100.59333530130014
2013-12-15,100.5237526037904
2013-12-16,101.06355106601357
2013-12-17,101.38083702981962
2013-12-18,101.67301639655963
2013-12-19,101.5866564981162
2013-12-20,101.53760898920525
2013-12-21,101.46737311611291
2013-12-22,101.39718582677114
2013-12-23,101.81327818030834
2013-12-24,101.74285162056785
2013-12-25,101.67247377648016
2013-12-26,102.28564820630612
2013-12-27,102.79110294409347
2013-12-28,102.72000000072819
2013-12-29,102.64894624088572
2013-12-30,102.8401029004959
2013-12-31,102.6898047196664
2014-01-01,102.55604680101236
2014-01-02,102.1597322817055
2014-01-03,102.31669347657855
2014-01-04,102.18342155147997
2014-01-05,102.05032321883645
2014-01-06,102.59189783514768
2014-01-07,102.56565498605008
2014-01-08,102.13479882611492
2014-01-09,102.21819938775477
2014-01-10,103.33188346309632
2014-01-11,103.19728920906735
2014-01-12,103.06287026988419
2014-01-13,103.55151960904463
2014-01-14,103.74856274105981
2014-01-15,104.18819062984875
2014-01-16,104.05664732009143
2014-01-17,104.36813729184775
2014-01-18,104.23219327232151
2014-01-19,104.09642632576912
2014-01-20,104.59819133433248
2014-01-21,104.91153513570217
2014-01-22,108.42454145128669
2014-01-23,117.22667533706452
2014-01-24,120.75960866262825
2014-01-25,120.60231404164534
2014-01-26,120.44522430371947
2014-01-27,120.05749702612422
2014-01-28,119.83255836735755
2014-01-29,119.37933959248295
2014-01-30,119.58580199171271
2014-01-31,119.18098856867762
2014-02-01,118.97470428873034
2014-02-02,118.76877705569689
2014-02-03,118.14343256784015
2014-02-04,118.4121063453164
2014-02-05,116.87091167314132
2014-02-06,116.8068508144511
2014-02-07,116.06522519152769
2014-02-08,115.8643338271155
2014-02-09,115.66379017529536
2014-02-10,114.88644611548015
2014-02-11,114.50192489305651
2014-02-12,113.81002741758215
2014-02-13,113.96247527353151
2014-02-14,113.65746059029595
2014-02-15,113.46073670253433
2014-02-16,113.26435331409243
2014-02-17,113.07967350729393
2014-02-18,113.0003418542296
2014-02-19,112.74639539118286
2014-02-20,113.39588340293388
2014-02-21,113.94845763922694
2014-02-22,113.75123007955064
2014-02-23,113.55434389097402
2014-02-24,113.81521972154309
2014-02-25,113.83885390188165
2014-02-26,113.22427219769374
2014-02-27,113.55398466462712
2014-02-28,113.33656430625581
2014-03-01,113.21035006697771
2014-03-02,113.08427638281783
2014-03-03,112.95834309725079
2014-03-04,112.83237185757689
2014-03-05,112.85764646263488
2014-03-06,113.07414893308543
2014-03-07,112.193143202105
2014-03-08,112.06802531400079
2014-03-09,111.9430469574711
2014-03-10,111.74128973120312
2014-03-11,111.41908253274222
2014-03-12,111.31305384369652
2014-03-13,111.40055031839215
2014-03-14,111.49876943143038
2014-03-15,111.37442590954197
2014-03-16,111.25022105565425
2014-03-17,111.67510282716489
2014-03-18,112.09908674567109
2014-03-19,111.97854176031426
2014-03-20,111.83725312773032
2014-03-21,111.97877382603872
2014-03-22,111.8538950028438
2014-03-23,111.72915544461806
2014-03-24,111.60455499605308
2014-03-25,112.48986082693474
2014-03-26,112.14487237250508
2014-03-27,112.74104242999441
2014-03-28,112.85461455209906
2014-03-29,112.72875899058636
2014-03-30,112.60304378330224
2014-03-31,112.36557951239467
2014-04-01,112.38973235941347
2014-04-02,112.30417975792915
2014-04-03,111.58934307283756
2014-04-04,112.27371302612559
2014-04-05,112.18824874014466
2014-04-06,112.10284951074712
2014-04-07,112.44075677382772
2014-04-08,112.98226184113531
2014-04-09,112.74811865191732
2014-04-10,113.2326116033411
2014-04-11,112.63524558337483
2014-04-12,112.54950609386647
2014-04-13,112.46383187043017
2014-04-14,112.26082015837736
2014-04-15,111.65933881131159
2014-04-16,111.47465974940576
2014-04-17,111.38980371370815
2014-04-18,111.3050122715855
2014-04-19,111.2202853738683
2014-04-20,111.13562297142452
2014-04-21,111.02650722882284
2014-04-22,110.75547376934267
2014-04-23,110.91896527782674
2014-04-24,110.95658740629568
2014-04-25,110.47745575872369
2014-04-26,110.39335880834302
2014-04-27,110.3093258737112
2014-04-28,110.50174590567927
2014-04-29,110.39248178853668
2014-04-30,110.24920691826804
2014-05-01,110.17263515247417
2014-05-02,110.0960580899897
2014-05-03,110.01953425348545
2014-05-04,109.94306360596595
2014-05-05,109.7941699521092
2014-05-06,110.20849086932974
2014-05-07,110.16941766535146
2014-05-08,110.51011159335577
2014-05-09,109.95998598723216
2014-05-10,109.88355672958497
2014-05-11,109.80718059518415
2014-05-12,109.88784641005063
2014-05-13,110.03225893196426
2014-05-14,110.21905847636948
2014-05-15,110.12658418342565
2014-05-16,110.2639706298272
2014-05-17,110.1873300833156
2014-05-18,110.11074280690968
2014-05-19,110.20197720961194
2014-05-20,109.92654649933418
2014-05-21,109.9195049789459
2014-05-22,109.77822564898531
2014-05-23,109.55977884065369
2014-05-24,109.48362775269564
2014-05-25,109.40752959463813
2014-05-26,109.37066245354524
2014-05-27,108.87302666054926
2014-05-28,108.91341581469996
2014-05-29,109.20794160573546
2014-05-30,108.87327280289938
2014-05-31,108.79759888076093
2014-06-01,108.73232143474722
2014-06-02,108.20664866531806
2014-06-03,108.07822671274326
2014-06-04,107.9671012201032
2014-06-05,108.652059987792
2014-06-06,108.91018431547425
2014-06-07,108.84483931935182
2014-06-08,108.77953352955838
2014-06-09,109.02239146771467
2014-06-10,108.82262337671129
2014-06-11,108.69614038716573
2014-06-12,108.75575925829699
2014-06-13,108.68954165767701
2014-06-14,108.62432904489143
2014-06-15,108.5591555590062
2014-06-16,108.40716514639439
2014-06-17,107.72805373916827
2014-06-18,108.09067668751693
2014-06-19,108.3587530690906
2014-06-20,108.29373892607322
2014-06-21,108.22876379087639
2014-06-22,108.16382764009577
2014-06-23,108.34595038440322
2014-06-24,108.11536735851656
2014-06-25,108.42298290553668
2014-06-26,108.39729919206546
2014-06-27,108.52020968266949
2014-06-28,108.45509866733616
2014-06-29,108.39002671794573
2014-06-30,108.3319790031841
2014-07-01,108.4327322448573
2014-07-02,107.96187245146321
2014-07-03,107.95757828980751
2014-07-04,107.9245296556576
2014-07-05,107.86109446278118
2014-07-06,107.79769655543853
2014-07-07,107.62176145834607
2014-07-08,107.73967898466942
2014-07-09,107.67635244214343
2014-07-10,107.55880100341106
2014-07-11,107.46650964425204
2014-07-12,107.40334366346167
2014-07-13,107.34021480996934
2014-07-14,107.42976995360804
2014-07-15,107.0785081810709
2014-07-16,106.95896004651206
2014-07-17,106.59433165083507
2014-07-18,106.8089665582264
2014-07-19,106.74618706392451
2014-07-20,106.68344446975408
2014-07-21,106.7106322537614
2014-07-22,106.86306090681279
2014-07-23,106.71467250025776
2014-07-24,106.74953163812162
2014-07-25,106.48592360259453
2014-07-26,106.42333398442427
2014-07-27,106.36078115478125
2014-07-28,106.45209047858089
2014-07-29,106.3370733120104
2014-07-30,105.76088027913526
2014-07-31,105.7465329748424
2014-08-01,105.95178653824418
2014-08-02,105.88172140777684
2014-08-03,105.81170261086051
2014-08-04,106.17111430603305
2014-08-05,105.63478021661983
2014-08-06,105.6978378414464
2014-08-07,105.45636414130068
2014-08-08,105.52477026836866
2014-08-09,105.45498752059292
2014-08-10,105.38525091963061
2014-08-11,105.47225887044864
2014-08-12,105.42654506387031
2014-08-13,105.35438234843879
2014-08-14,105.43513361750148
2014-08-15,105.50996732015876
2014-08-16,105.44019436146282
2014-08-17,105.37046754310691
2014-08-18,105.30078683457873
2014-08-19,105.40732068673356
2014-08-20,105.59062566429844
2014-08-21,106.42437663263316
2014-08-22,105.99373037736414
2014-08-23,105.92363750974715
2014-08-24,105.85359099402353
2014-08-25,105.5622482223273
2014-08-26,105.75214525095811
2014-08-27,105.85778722507766
2014-08-28,106.06398562562723
2014-08-29,106.01296477476619
2014-08-30,105.94285918758486
2014-08-31,105.87279996070829
2014-09-01,105.77053561945348
2014-09-02,105.64942053237496
2014-09-03,105.68359177445616
2014-09-04,105.08532095882357
2014-09-05,105.19729422204517
2014-09-06,105.10475878221048
2014-09-07,105.01230473997909
2014-09-08,104.21730423412893
2014-09-09,103.85044405925544
2014-09-10,103.46315995623907
2014-09-11,103.6003193583092
2014-09-12,102.67231605559182
2014-09-13,102.58200168015736
2014-09-14,102.49176674859568
2014-09-15,102.23144460980092
2014-09-16,102.58352002407018
2014-09-17,102.14196812089835
2014-09-18,101.84343403933734
2014-09-19,101.50261350567604
2014-09-20,101.41332804396734
2014-09-21,101.3241211210607
2014-09-22,100.9326713176388
2014-09-23,100.65915901102444
2014-09-24,100.54462778881192
2014-09-25,100.05020977862632
2014-09-26,100.19770396945023
2014-09-27,100.10956635454471
2014-09-28,100.0215062687527
2014-09-29,99.68194895558108
2014-09-30,98.90444806420416
2014-10-01,98.78459327045269
2014-10-02,98.81794126351528
2014-10-03,98.6093769681583
2014-10-04,98.55851331105247
2014-10-05,98.50767588990608
2014-10-06,99.40477576051447
2014-10-07,99.83645195237605
2014-10-08,99.7537617397752
2014-10-09,100.10292161893442
2014-10-10,99.6901679967047
2014-10-11,99.63874685727858
2014-10-12,99.58735224136657
2014-10-13,99.53598413528762
2014-10-14,99.77822403312307
2014-10-15,99.12682013633734
2014-10-16,98.92819809374427
2014-10-17,99.21870681477479
2014-10-18,99.16752885952275
2014-10-19,99.11637730234811
2014-10-20,98.97804001749289
2014-10-21,98.68425090824495
2014-10-22,98.28100023796331
2014-10-23,97.92568636358547
2014-10-24,98.63312711815334
2014-10-25,98.58225121049364
2014-10-26,98.53140154511233
2014-10-27,97.82630274258206
2014-10-28,98.50012463585786
2014-10-29,98.67645798498181
2014-10-30,99.1895472661292
2014-10-31,98.0497212755037
2014-11-01,97.99773638071436
2014-11-02,97.9457790477503
2014-11-03,97.3665139468716
2014-11-04,97.25480769139999
2014-11-05,97.02814748657381
2014-11-06,96.9767042190859
2014-11-07,96.14339852441296
2014-11-08,96.0924243411928
2014-11-09,96.04147718392967
2014-11-10,96.23919994871177
2014-11-11,96.0067486931929
2014-11-12,95.98321447848977
2014-11-13,95.45421698580799
2014-11-14,95.48159900958917
2014-11-15,95.43097570526704
2014-11-16,95.38037924086971
2014-11-17,95.13642675424164
2014-11-18,95.38826102382745
2014-11-19,95.48711592454929
2014-11-20,95.49807511915617
2014-11-21,95.96429709185395
2014-11-22,95.91341786626356
2014-11-23,95.86256561628463
2014-11-24,95.81174032761506
2014-11-25,95.64051868491504
2014-11-26,96.16888086751239
2014-11-27,95.87791229129921
2014-11-28,94.84305534234385
2014-11-29,94.79277058692249
2014-11-30,94.74251249193102
2014-12-01,95.07734782752067
2014-12-02,94.64642029036874
2014-12-03,94.87623775714876
2014-12-04,94.5501792959625
2014-12-05,94.3099040577178
2014-12-06,94.27575400331085
2014-12-07,94.24161631479727
2014-12-08,94.20749098769929
2014-12-09,94.16922567131334
2014-12-10,93.94782754909666
2014-12-11,93.36074698226997
2014-12-12,93.20080434561139
2014-12-13,93.16705590136289
2014-12-14,93.13331967758282
2014-12-15,92.68063186023168
2014-12-16,92.1985765039666
2014-12-17,92.48175710680037
2014-12-18,92.7419804978713
2014-12-19,92.59551431697086
2014-12-20,92.5619850510538
2014-12-21,92.5284679262397
2014-12-22,92.4584747163537
2014-12-23,91.7664865947936
2014-12-24,91.90939087880099
2014-12-25,91.8761100613685
2014-12-26,91.84284129507459
2014-12-27,91.80958457555555
2014-12-28,91.77633989844914
2014-12-29,91.60271942926886
2014-12-30,92.26596970706208
2014-12-31,92.01387525781597
2015-01-01,91.96900350786552
2015-01-02,91.28346430043776
2015-01-03,91.23894874478678
2015-01-04,91.1944548977192
2015-01-05,90.65118093672378
2015-01-06,91.08667911720286
2015-01-07,91.0726821675066
2015-01-08,91.42629925077799
2015-01-09,91.7706991797977
2015-01-10,91.72594601778997
2015-01-11,91.68121468023737
2015-01-12,91.35330983074115
2015-01-13,91.60851659229414
2015-01-14,91.75887079915978
2015-01-15,91.46928869422213
2015-01-16,91.5018009532137
2015-01-17,91.4571789228853
2015-01-18,91.41257865306403
2015-01-19,91.21208964372998
2015-01-20,91.4142595261982
2015-01-21,91.49738513189692
2015-01-22,91.71849184883456
2015-01-23,91.31841325841063
2015-01-24,91.27388065945075
2015-01-25,91.22936977738561
2015-01-26,91.08284660305775
2015-01-27,91.40350874271357
2015-01-28,91.29365678319428
2015-01-29,90.66418890968203
2015-01-30,89.83332951578181
2015-01-31,89.78952113701337
2015-02-01,89.76827783757791
2015-02-02,89.70072939673068
2015-02-03,90.04479183383172
2015-02-04,89.4836226576269
2015-02-05,89.6882848298642
2015-02-06,89.00559289246675
2015-02-07,88.98453506258525
2015-02-08,88.96348221477494
2015-02-09,88.99054362817894
2015-02-10,88.52117757651729
2015-02-11,87.84284993846896
2015-02-12,88.66711176189823
2015-02-13,88.66890827785377
2015-02-14,88.64793010417262
2015-02-15,88.6269568937168
2015-02-16,88.60598864531201
2015-02-17,88.58502535778437
2015-02-18,88.36685095115578
2015-02-19,88.19695647647563
2015-02-20,88.19204345657339
2015-02-21,88.1711781043224
2015-02-22,88.15031768860432
2015-02-23,88.08139562934919
2015-02-24,88.56987809621528
2015-02-25,88.25050151854516
2015-02-26,87.92350524197239
2015-02-27,88.198420555023
2015-02-28,88.17755369401455
2015-03-01,88.13738175314272
2015-03-02,87.71480238153731
2015-03-03,87.66344123791964
2015-03-04,86.7222353564044
2015-03-05,86.33872940927255
2015-03-06,85.57186581705034
2015-03-07,85.53283150104362
2015-03-08,85.49381499086373
2015-03-09,84.94687787025735
2015-03-10,84.83934710669291
2015-03-11,84.31158098881019
2015-03-12,84.12144676835261
2015-03-13,83.04179240603351
2015-03-14,83.00391220398822
2015-03-15,82.96604928131113
2015-03-16,83.34211163181564
2015-03-17,82.93767751195264
2015-03-18,83.41048657094451
2015-03-19,82.93600810038066
2015-03-20,84.12550953077006
2015-03-21,84.08713498217399
2015-03-22,84.04877793844643
2015-03-23,84.01043839160232
2015-03-24,83.97211633366038
2015-03-25,84.50072945758701
2015-03-26,84.12276705972893
2015-03-27,83.95284450175157
2015-03-28,83.91454871573995
2015-03-29,83.87627039866861
2015-03-30,83.68558772286936
2015-03-31,83.73192154701631
2015-04-01,84.31716655043425
2015-04-02,84.26596298467832
2015-04-03,84.21479051348183
2015-04-04,84.16364911796191
2015-04-05,84.11253877924703
2015-04-06,84.9808485220738
2015-04-07,84.67726031920253
2015-04-08,84.99216933130565
2015-04-09,84.81974289564069
2015-04-10,84.35597352931724
2015-04-11,84.30474639711838
2015-04-12,84.2535503737902
2015-04-13,83.90095239497528
2015-04-14,84.54569177542778
2015-04-15,84.84050873611491
2015-04-16,85.35380957407476
2015-04-17,84.8259202254466
2015-04-18,84.77440770715683
2015-04-19,84.72292647104513
2015-04-20,84.81250395931437
2015-04-21,84.76145841347792
2015-04-22,84.92369119634469
2015-04-23,85.32310336627556
2015-04-24,85.6366527628985
2015-04-25,85.58464790836821
2015-04-26,85.53267463499867
2015-04-27,86.08900748249782
2015-04-28,86.2596529060309
2015-04-29,86.1968113024624
2015-04-30,85.58493365811643
2015-05-01,85.54120936495211
2015-05-02,85.4974845129692
2015-05-03,85.45378201118092
2015-05-04,84.72719297577306
2015-05-05,84.930854987917
2015-05-06,85.36068585304432
2015-05-07,85.3978540768978
2015-05-08,85.80498346385087
2015-05-09,85.76112378231014
2015-05-10,85.71728651988293
2015-05-11,85.05109402779513
2015-05-12,85.25821326647754
2015-05-13,85.60887533636102
2015-05-14,85.88946048023996
2015-05-15,86.0987782544332
2015-05-16,86.05476839809572
2015-05-17,86.01078103763444
2015-05-18,85.40051366980889
2015-05-19,85.02328249079734
2015-05-20,85.06817856946483
2015-05-21,84.967930970294
2015-05-22,84.21782725404428
2015-05-23,84.1747788559874
2015-05-24,84.13175246235213
2015-05-25,84.08874806189075
2015-05-26,83.28043643820989
2015-05-27,83.16204376620976
2015-05-28,83.11396990221701
2015-05-29,83.15367132488991
2015-05-30,83.11116687589382
2015-05-31,83.06868415327678
2015-06-01,82.80887152214488
2015-06-02,83.77679662563571
2015-06-03,83.83436630685478
2015-06-04,83.77403431013487
2015-06-05,83.35747602693185
2015-06-06,83.33486203717922
2015-06-07,83.3122541823596
2015-06-08,83.91511427390643
2015-06-09,84.15378307573904
2015-06-10,84.21982207234745
2015-06-11,83.9629330604425
2015-06-12,84.14503491648334
2015-06-13,84.12220727044566
2015-06-14,84.09938581730366
2015-06-15,84.03808203772499
2015-06-16,84.15385138738796
2015-06-17,84.45550154376929
2015-06-18,84.85512968425695
2015-06-19,84.5866572592338
2015-06-20,84.5637098057882
2015-06-21,84.54076857774078
2015-06-22,84.56235270213755
2015-06-23,84.14550460071607
2015-06-24,84.19645958798387
2015-06-25,83.9974349719488
2015-06-26,83.87967078036515
2015-06-27,83.85691512477324
2015-06-28,83.83416564254675
2015-06-29,84.02835109855432
2015-06-30,84.04661637882617
2015-07-01,83.50458610218026
2015-07-02,83.9256659349288
2015-07-03,83.6534888673093
2015-07-04,83.60862436729158
2015-07-05,83.56378392871339
2015-07-06,83.3611919494954
2015-07-07,82.75829185004784
2015-07-08,82.62574171310288
2015-07-09,82.58142840781528
2015-07-10,83.12686783596406
2015-07-11,83.08228576994392
2015-07-12,83.03772761389008
2015-07-13,83.10154957180167
2015-07-14,83.27784930265967
2015-07-15,83.01911446845843
2015-07-16,82.74441421292667
2015-07-17,82.29462526636078
2015-07-18,82.25048954331193
2015-07-19,82.20637749084959
2015-07-20,82.0509000014136
2015-07-21,82.52678678523876
2015-07-22,81.96746997924494
2015-07-23,81.57401717137759
2015-07-24,81.02288678506466
2015-07-25,80.97943311260194
2015-07-26,80.9360027449328
2015-07-27,80.91094661986278
2015-07-28,80.72911637310892
2015-07-29,81.24353102988641
2015-07-30,80.48938843743811
2015-07-31,80.36255309986228
2015-08-01,80.32409182052311
2015-08-02,80.28564894863803
2015-08-03,79.89702423294179
2015-08-04,79.58830116154026
2015-08-05,79.49623033942825
2015-08-06,79.15442670305556
2015-08-07,79.45446960222746
2015-08-08,79.41644292895441
2015-08-09,79.37843445513427
2015-08-10,79.87131610439293
2015-08-11,79.23803161176204
2015-08-12,79.52769389517798
2015-08-13,79.2135764426163
2015-08-14,79.43006084348339
2015-08-15,79.39204585216982
2015-08-16,79.35404905471822
2015-08-17,79.31607044242106
2015-08-18,79.19243034319358
2015-08-19,79.1767358179512
2015-08-20,79.49481747197427
2015-08-21,79.37616418093249
2015-08-22,79.33817498440156
2015-08-23,79.30020396938737
2015-08-24,79.12032764042019
2015-08-25,78.722199419537
2015-08-26,78.28783612799424
2015-08-27,78.80603581273652
2015-08-28,78.5382319922423
2015-08-29,78.50064382756933
2015-08-30,78.46307365248035
2015-08-31,78.26196411831894
2015-09-01,78.02649861376452
2015-09-02,77.43349229047026
2015-09-03,77.3595444958744
2015-09-04,76.78262750379213
2015-09-05,76.72521828386526
2015-09-06,76.6678519879518
2015-09-07,76.67482758601383
2015-09-08,76.8913797891613
2015-09-09,76.90668832956456
2015-09-10,76.83745904804681
2015-09-11,76.60888106628838
2015-09-12,76.55160175396908
2015-09-13,76.49436526853324
2015-09-14,76.56979640005073
2015-09-15,76.36449035875557
2015-09-16,76.80152339700689
2015-09-17,76.62534840312465
2015-09-18,76.34498772057674
2015-09-19,76.28790571735736
2015-09-20,76.23086639349637
2015-09-21,75.51554704102284
2015-09-22,74.92499991784646
2015-09-23,74.59736440547302
2015-09-24,74.66803201657389
2015-09-25,75.4389386671266
2015-09-26,75.38253410320654
2015-09-27,75.32617171213363
2015-09-28,74.86702885944861
2015-09-29,74.76375104642055
2015-09-30,75.25067355098788
2015-10-01,75.12384984577439
2015-10-02,75.58190466987446
2015-10-03,75.54578036101327
2015-10-04,75.50967331773563
2015-10-05,75.74602465618683
2015-10-06,76.26574731468251
2015-10-07,76.28190852852589
2015-10-08,76.58890691861082
2015-10-09,77.16387460504967
2015-10-10,77.12699419496563
2015-10-11,77.0901314118431
2015-10-12,77.05328624725726
2015-10-13,76.46222471242294
2015-10-14,76.57717337218787
2015-10-15,76.6784793549437
2015-10-16,76.65132737905569
2015-10-17,76.61469194049461
2015-10-18,76.5780740118111
2015-10-19,76.05864728814704
2015-10-20,76.01807090759783
2015-10-21,75.98341695982357
2015-10-22,75.57598496635862
2015-10-23,75.57806137508368
2015-10-24,75.54193890312206
2015-10-25,75.50583369586604
2015-10-26,75.55756461936065
2015-10-27,75.52065279756371
2015-10-28,75.62979146949489
2015-10-29,75.66225588369538
2015-10-30,75.82381246906081
2015-10-31,75.78757254056696
2015-11-01,75.73369963503906
2015-11-02,75.75211590418036
2015-11-03,76.29889011956166
2015-11-04,75.8662283058717
2015-11-05,75.98059681006652
2015-11-06,75.92658669499505
2015-11-07,75.87261497252187
2015-11-08,75.81868161535597
2015-11-09,75.40185476546907
2015-11-10,75.35593783102783
2015-11-11,75.48938393159318
2015-11-12,75.55494304704963
2015-11-13,75.18051993535283
2015-11-14,75.12707854763921
2015-11-15,75.07367514824918
2015-11-16,75.05026065059359
2015-11-17,75.0669932001625
2015-11-18,75.14111504479459
2015-11-19,75.67409586182168
2015-11-20,75.75281359589682
2015-11-21,75.69896539844811
2015-11-22,75.6451554785
2015-11-23,75.41685312461152
2015-11-24,75.61397228887618
2015-11-25,75.21638235495745
2015-11-26,75.14821348925432
2015-11-27,75.09479506628358
2015-11-28,75.04141461531219
2015-11-29,74.98807210934811
2015-11-30,74.04995062785234
2015-12-01,74.34316154458546
2015-12-02,74.31854598111252
2015-12-03,75.34195170890115
2015-12-04,75.21669478128968
2015-12-05,75.10522986795466
2015-12-06,74.99393013639134
2015-12-07,74.88279534181402
2015-12-08,74.77182523979971
2015-12-09,74.89640323443518
2015-12-10,74.40144887958556
2015-12-11,73.9304569684496
2015-12-12,73.82089815304606
2015-12-13,73.71150169473492
2015-12-14,73.70137677477835
2015-12-15,73.56500446751362
2015-12-16,73.45746092513322
2015-12-17,100.0
2015-12-18,98.49977892936359
2015-12-19,98.35381041328077
2015-12-20,98.20805821045184
2015-12-21,94.77815076760868
2015-12-22,95.701139334109
2015-12-23,95.98968082323832
2015-12-24,96.57820454500911
2015-12-25,96.43508364304762
2015-12-26,96.2921748344117
2015-12-27,96.14947780479659
2015-12-28,95.94943003424767
2015-12-29,95.24323986244374
2015-12-30,94.74598239311048
2015-12-31,94.86498806002065
2016-01-01,94.75337874025233
2016-01-02,94.63889244619563
2016-01-03,94.52454448083708
2016-01-04,94.62254904590017
2016-01-05,97.9707865075539
2016-01-06,99.38844208475582
2016-01-07,99.16208606092115
2016-01-08,98.9312897768345
2016-01-09,98.81175549865486
2016-01-10,98.67454419536217
2016-01-11,96.84365537201022
2016-01-12,95.9290066139246
2016-01-13,96.13105717039902
2016-01-14,93.82160607167015
2016-01-15,94.50694986876633
2016-01-16,94.3927613237569
2016-01-17,94.2787107476887
2016-01-18,95.30226763456645
2016-01-19,94.26750799219545
2016-01-20,94.01045378292807
2016-01-21,94.3692694493318
2016-01-22,95.38456939544847
2016-01-23,95.26932046179074
2016-01-24,95.15421077829471
2016-01-25,95.71753097478775
2016-01-26,96.15116491683725
2016-01-27,96.24190694756608
2016-01-28,96.01200352405382
2016-01-29,97.05279602871025
2016-01-30,96.93553145099398
2016-01-31,96.81840855885247
2016-02-01,98.11689762031743
2016-02-02,97.94271235795547
2016-02-03,98.98332494998749
2016-02-04,100.00327071713997
2016-02-05,100.56148181671728
2016-02-06,100.48163269090628
2016-02-07,100.40184696792886
2016-02-08,100.32212459744105
2016-02-09,100.24246552913887
2016-02-10,101.02965478204338
2016-02-11,101.65804623767261
2016-02-12,102.07842450363339
2016-02-13,101.99737087540987
2016-02-14,101.9163816064345
2016-02-15,102.33197728662668
2016-02-16,101.9235074089198
2016-02-17,103.5630461601657
2016-02-18,103.49154755604371
2016-02-19,103.41833178427365
2016-02-20,103.33621422557601
2016-02-21,103.25416187092229
2016-02-22,105.05505188604465
2016-02-23,105.06534030523649
2016-02-24,105.30814518710892
2016-02-25,105.71977748497936
2016-02-26,105.57900026395785
2016-02-27,105.49516706338468
2016-02-28,105.41140042913153
2016-02-29,107.63035099755336
2016-03-01,107.63278017049119
2016-03-02,107.21707269673783
2016-03-03,104.8593164670871
2016-03-04,105.62358810827904
2016-03-05,105.51893560073748
2016-03-06,105.41438678355081
2016-03-07,106.33641674029907
2016-03-08,106.61764113038299
2016-03-09,106.47976906685739
2016-03-10,106.91854193590662
2016-03-11,103.73089729958419
2016-03-12,103.62812008185884
2016-03-13,103.52544469643958
2016-03-14,102.91737012755584
2016-03-15,99.77007965353873
2016-03-16,99.9774329429219
2016-03-17,104.10539387399882
2016-03-18,103.0207161735041
2016-03-19,102.91864260765222
2016-03-20,102.81667017692375
2016-03-21,100.54868146816463
2016-03-22,99.95967819816545
2016-03-23,99.76989768274267
2016-03-24,99.67104504805506
2016-03-25,99.57229035717226
2016-03-26,99.47363351305096
2016-03-27,99.37507441874392
2016-03-28,101.85409574384832
2016-03-29,100.48198202739052
2016-03-30,100.70337458273634
2016-03-31,101.7502108530373
2016-04-01,102.24263512627832
2016-04-02,102.08584015396877
2016-04-03,101.92928563578398
2016-04-04,101.0641362345513
2016-04-05,100.04832554829906
2016-04-06,99.34192875511391
2016-04-07,97.99452913322646
2016-04-08,98.63228855323226
2016-04-09,98.48103025542501
2016-04-10,98.3300039209331
2016-04-11,99.43613166499976
2016-04-12,98.74343177466494
2016-04-13,97.98818968466219
2016-04-14,97.42007013318596
2016-04-15,95.13297359261146
2016-04-16,94.98708169593102
2016-04-17,94.84141353288061
2016-04-18,95.16675410908704
2016-04-19,95.73196746047975
2016-04-20,96.54311406630227
2016-04-21,95.78962838789016
2016-04-22,95.3218125763525
2016-04-23,95.17563108420939
2016-04-24,95.02967376980762
2016-04-25,95.3406215156398
2016-04-26,95.31419940349477
2016-04-27,94.22946264965897
2016-04-28,95.55474996545199
2016-04-29,95.48738179865738
2016-04-30,95.34094639657155
2016-05-01,95.22861350416282
2016-05-02,94.59265372300763
2016-05-03,93.86907956294517
2016-05-04,94.02674677092793
2016-05-05,93.67493045626122
2016-05-06,93.76240194656359
2016-05-07,93.65195238907002
2016-05-08,93.541632938149
2016-05-09,92.96309031528516
2016-05-10,93.40242194231794
2016-05-11,93.46403808959322
2016-05-12,92.81729949048363
2016-05-13,92.00690756705053
2016-05-14,91.89852593415544
2016-05-15,91.79027197187402
2016-05-16,91.66764374017606
2016-05-17,91.66412947896583
2016-05-18,91.05999835984001
2016-05-19,90.20826136606813
2016-05-20,90.08533728637795
2016-05-21,89.97921921097276
2016-05-22,89.87322613977207
2016-05-23,89.11803635980398
2016-05-24,89.2803708557366
2016-05-25,89.17520100887732
2016-05-26,88.8404832630418
2016-05-27,87.94055385031731
2016-05-28,87.83696227142363
2016-05-29,87.73349272059038
2016-05-30,88.22721153751472
2016-05-31,87.89867366582229
2016-06-01,87.6848434707314
2016-06-02,87.3633108696398
2016-06-03,87.87081092053923
2016-06-04,87.7917913413849
2016-06-05,87.71284282216303
2016-06-06,87.36107754288741
2016-06-07,88.09717878564854
2016-06-08,89.07974946692272
2016-06-09,88.25893851023795
2016-06-10,87.50124040820343
2016-06-11,87.42255317270278
2016-06-12,87.34393669826795
2016-06-13,86.90089249691728
2016-06-14,86.26794969949579
2016-06-15,86.58360714882338
2016-06-16,87.33914829258148
2016-06-17,87.26060682164848
2016-06-18,87.18213598069954
2016-06-19,87.10373570621935
2016-06-20,87.02540593474953
2016-06-21,88.08841649585011
2016-06-22,88.76548570210767
2016-06-23,91.50111820802599
2016-06-24,93.48028470147406
2016-06-25,93.39622069115082
2016-06-26,93.31223227706536
2016-06-27,94.9406473240365
2016-06-28,93.25490919515101
2016-06-29,94.35745117326584
2016-06-30,94.95394775729818
2016-07-01,94.63977386829782
2016-07-02,94.59245075283143
2016-07-03,94.54515130053716
2016-07-04,94.73857971823256
2016-07-05,92.41683870809169
2016-07-06,91.4404889252946
2016-07-07,91.38977669760651
2016-07-08,91.34407869159556
2016-07-09,91.29840353614652
2016-07-10,91.2527512198334
2016-07-11,91.0512426549405
2016-07-12,90.72356277989853
2016-07-13,90.78782851289014
2016-07-14,92.27140763321478
2016-07-15,93.16046138394508
2016-07-16,93.11387797518597
2016-07-17,93.06731785972039
2016-07-18,94.33017059180764
2016-07-19,93.13435474579835
2016-07-20,93.66019774456358
2016-07-21,93.02308461330645
2016-07-22,92.2893366765763
2016-07-23,92.24318885988833
2016-07-24,92.19706411868303
2016-07-25,92.32971326646445
2016-07-26,92.39691101824198
2016-07-27,92.45202349769389
2016-07-28,93.02562101151935
2016-07-29,93.33864843949212
2016-07-30,93.29197593112659
2016-07-31,93.24532676060743
2016-08-01,92.55335816225573
2016-08-02,92.26994740592195
2016-08-03,92.35580041217986
2016-08-04,92.56014298897718
2016-08-05,92.30570190339328
2016-08-06,92.3108247350362
2016-08-07,92.31594785098879
2016-08-08,91.6232495921842
2016-08-09,92.48752138782264
2016-08-10,92.32908823190132
2016-08-11,92.0916244974018
2016-08-12,91.92468198169075
2016-08-13,91.92978366728448
2016-08-14,91.93488563601436
2016-08-15,91.939987887896
2016-08-16,92.26194057979961
2016-08-17,92.32039500402091
2016-08-18,93.6022124249594
2016-08-19,93.33848650847344
2016-08-20,93.34366665815355
2016-08-21,93.34884709532443
2016-08-22,92.69347177415841
2016-08-23,92.79244709126007
2016-08-24,92.80396097177015
2016-08-25,92.99777673680993
2016-08-26,93.23723555767849
2016-08-27,93.24241008807871
2016-08-28,93.24758490565782
2016-08-29,93.92576629391577
2016-08-30,93.07805435132033
2016-08-31,92.70081703503007
2016-09-01,92.62477177561941
2016-09-02,92.98416369554701
2016-09-03,92.939762108863
2016-09-04,92.89538172472385
2016-09-05,92.92136514576957
2016-09-06,93.69126562212111
2016-09-07,93.88008641214306
2016-09-08,93.9490547116663
2016-09-09,92.4955354911321
2016-09-10,92.4513672330786
2016-09-11,92.40722006615138
2016-09-12,92.4648427189288
2016-09-13,92.07877542122779
2016-09-14,92.16146087144631
2016-09-15,92.48248883701913
2016-09-16,92.87746268897567
2016-09-17,92.833112053914
2016-09-18,92.78878259706687
2016-09-19,92.99334466257547
2016-09-20,92.9166133870701
2016-09-21,93.19162563522964
2016-09-22,93.61805659264107
2016-09-23,93.37206787540082
2016-09-24,93.32748105759376
2016-09-25,93.28291553078269
2016-09-26,93.76108072043822
2016-09-27,93.95457112078789
2016-09-28,94.51518312239602
2016-09-29,94.1687807636987
2016-09-30,94.01065702241705
2016-10-01,93.93729773152785
2016-10-02,93.8643736233148
2016-10-03,93.25101627250987
2016-10-04,92.66935076650482
2016-10-05,92.89118135484361
2016-10-06,92.84449725643526
2016-10-07,92.59086400576506
2016-10-08,92.51898514242373
2016-10-09,92.4471620790909
2016-10-10,92.37539477244862
2016-10-11,92.05881204226274
2016-10-12,91.46933202298148
2016-10-13,91.79353198861241
2016-10-14,91.82098108498603
2016-10-15,91.74969988654227
2016-10-16,91.67847402413604
2016-10-17,91.77176941964062
2016-10-18,91.91541356552693
2016-10-19,91.85476973899443
2016-10-20,91.69563214878491
2016-10-21,91.11571507758315
2016-10-22,91.0449813815254
2016-10-23,90.97430259647565
2016-10-24,91.35155190989668
2016-10-25,91.98510731526738
2016-10-26,91.43104908077454
2016-10-27,91.06494739419641
2016-10-28,90.85652134082399
2016-10-29,90.78598885847543
2016-10-30,90.71551113093139
2016-10-31,90.48528136254235
2016-11-01,89.67719691285318
2016-11-02,90.08896593529367
2016-11-03,89.99192913106336
2016-11-04,89.86093657378538
2016-11-05,89.81187753289825
2016-11-06,89.7628452755011
2016-11-07,89.59943975428695
2016-11-08,89.1027338680087
2016-11-09,88.40760395199831
2016-11-10,87.55227265231852
2016-11-11,89.04424847729148
2016-11-12,88.99563530238623
2016-11-13,88.94704866755308
2016-11-14,89.79227828950526
2016-11-15,88.98375137853614
2016-11-16,88.87723099291959
2016-11-17,88.58407248481089
2016-11-18,88.53985178427499
2016-11-19,88.49151398172765
2016-11-20,88.44320256891449
2016-11-21,88.18848940510314
2016-11-22,88.59117052028105
2016-11-23,88.3870625120162
2016-11-24,88.26880588012207
2016-11-25,88.18930764675851
2016-11-26,88.14116122168652
2016-11-27,88.09304108186734
2016-11-28,88.0449472129507
2016-11-29,89.18949487930676
2016-11-30,90.10445099920982
2016-12-01,89.43408576381562
2016-12-02,90.17293651075532
2016-12-03,90.14949657798861
2016-12-04,90.12606273829672
2016-12-05,90.18936129577827
2016-12-06,90.57575060681455
2016-12-07,91.02622431716053
2016-12-08,91.0025625771689
2016-12-09,90.97890698790955
2016-12-10,90.95525754778367
2016-12-11,90.93161425519286
2016-12-12,91.38390417337328
2016-12-13,91.14914922354465
2016-12-14,91.11321097499342
2016-12-15,90.01604093490549
2016-12-16,89.52821804066504
2016-12-17,89.50494569873189
2016-12-18,89.48167940630928
2016-12-19,89.24854973407395
2016-12-20,89.38979220968923
2016-12-21,89.21364381088074
2016-12-22,89.05149041782477
2016-12-23,87.99865987696191
2016-12-24,87.97578513481763
2016-12-25,87.95291633883014
2016-12-26,88.10833798109586
2016-12-27,88.06832127348456
2016-12-28,88.98643851576816
2016-12-29,90.4458515045828
2016-12-30,90.31672571353448
2016-12-31,90.29324840359702
2017-01-01,90.25804481319362
2017-01-02,90.03374268529235
2017-01-03,90.25442964685398
2017-01-04,91.32820818417761
2017-01-05,91.2398391882551
2017-01-06,89.9517175210047
2017-01-07,89.9166470868839
2017-01-08,89.88159032604676
2017-01-09,90.42711916794916
2017-01-10,90.190515534893
2017-01-11,90.1251762903659
2017-01-12,90.36768002305402
2017-01-13,90.258347017053
2017-01-14,90.22315703402491
2017-01-15,90.18798077089029
2017-01-16,90.06999994990448
2017-01-17,90.72191157593085
2017-01-18,90.87276913353625
2017-01-19,90.42122768974752
2017-01-20,90.77659312644629
2017-01-21,90.74120108928805
2017-01-22,90.70582285080026
2017-01-23,91.06307195980978
2017-01-24,91.11916219865397
2017-01-25,91.16581512765384
2017-01-26,90.70858426528653
2017-01-27,90.83313945360541
2017-01-28,90.7977253701284
2017-01-29,90.76232509391726
2017-01-30,91.22169385267352
2017-01-31,90.903100317931
2017-02-01,90.24431464285043
2017-02-02,89.94512586984398
2017-02-03,89.76617685078455
2017-02-04,89.71819861269222
2017-02-05,89.67024601801495
2017-02-06,90.28537010550505
2017-02-07,89.41566660716508
2017-02-08,89.5039110545192
2017-02-09,88.94097917932095
2017-02-10,88.60520498069194
2017-02-11,88.55784725899852
2017-02-12,88.51051484906645
2017-02-13,88.03410356763013
2017-02-14,88.01657102648853
2017-02-15,87.67309113119899
2017-02-16,88.07409573650642
2017-02-17,89.16155668682416
2017-02-18,89.11390160619713
2017-02-19,89.06627199626391
2017-02-20,89.07586457289133
2017-02-21,88.43310636029139
2017-02-22,88.29589047211051
2017-02-23,88.14847640644261
2017-02-24,87.6275896477774
2017-02-25,87.58075444205657
2017-02-26,87.53394426882272
2017-02-27,87.48715911469645
2017-02-28,87.44039896630555
2017-03-01,86.89285849421725
2017-03-02,86.2417857533737
2017-03-03,86.56528149034612
2017-03-04,86.49837016038828
2017-03-05,86.43151055008062
2017-03-06,86.71701477694141
2017-03-07,87.12970789995657
2017-03-08,87.04747385691022
2017-03-09,86.283832762841
2017-03-10,86.34247536595423
2017-03-11,86.27573625578069
2017-03-12,86.20904873213865
2017-03-13,86.4377104181187
2017-03-14,86.15798426013771
2017-03-15,86.62438099210928
2017-03-16,86.87983144729286
2017-03-17,87.1216524852519
2017-03-18,87.0543111038626
2017-03-19,86.9870217745352
2017-03-20,87.42618209282111
2017-03-21,87.2685480374312
2017-03-22,87.4146812559525
2017-03-23,86.69866047049489
2017-03-24,86.6316460441825
2017-03-25,86.5646834172095
2017-03-26,86.49777254953707
2017-03-27,86.55812256046673
2017-03-28,86.05502531541526
2017-03-29,85.52696829785366
2017-03-30,85.12807529402716
2017-03-31,84.99501661183211
2017-04-01,84.92592721974808
2017-04-02,84.85689398794604
2017-04-03,84.79461076458087
2017-04-04,84.59020031083553
2017-04-05,84.67886485390214
2017-04-06,84.63912531842294
2017-04-07,83.98005428634843
2017-04-08,83.91178992063479
2017-04-09,83.84358104456886
2017-04-10,83.14265143821909
2017-04-11,83.40949215616017
2017-04-12,82.81048195719684
2017-04-13,82.7431682947649
2017-04-14,82.67590934918813
2017-04-15,82.6087050759892
2017-04-16,82.54155543072692
2017-04-17,83.18150790248484
2017-04-18,83.6990309907693
2017-04-19,83.86799304230948
2017-04-20,83.53865724760375
2017-04-21,84.07970039385584
2017-04-22,84.01135502940528
2017-04-23,83.94306522044337
2017-04-24,83.68144372071069
2017-04-25,83.69134980395089
2017-04-26,83.64350898859809
2017-04-27,83.27851969166295
2017-04-28,83.04871343480619
2017-04-29,82.9812061225743
2017-04-30,82.91375368460857
2017-05-01,82.88025792788018
2017-05-02,82.43647775050708
2017-05-03,82.40154019583825
2017-05-04,82.25461006751416
2017-05-05,82.7253509646388
2017-05-06,82.69194737200318
2017-05-07,82.65855726737318
2017-05-08,82.87875545735332
2017-05-09,83.08289185117228
2017-05-10,83.1795307729261
2017-05-11,82.89881698055918
2017-05-12,83.20587913986705
2017-05-13,83.17228151520581
2017-05-14,83.13869745689824
2017-05-15,83.86231952205932
2017-05-16,84.42791530988717
2017-05-17,84.42988707465071
2017-05-18,84.56245665345371
2017-05-19,85.60438824416319
2017-05-20,85.56982212773835
2017-05-21,85.53526996873354
2017-05-22,86.20633392371663
2017-05-23,85.59612822632832
2017-05-24,85.65332046922316
2017-05-25,85.6187345945006
2017-05-26,85.20963319305514
2017-05-27,85.17522647440573
2017-05-28,85.14083364881334
2017-05-29,85.15632516366124
2017-05-30,85.78053245598117
2017-05-31,85.85942116130906
2017-06-01,85.29413410298265
2017-06-02,85.07292321175436
2017-06-03,85.0398969608319
2017-06-04,85.0068835310658
2017-06-05,84.9224113207248
2017-06-06,85.03179091795849
2017-06-07,84.94600961305477
2017-06-08,84.35876637435526
2017-06-09,84.39195469797916
2017-06-10,84.35919280657504
2017-06-11,84.32644363370001
2017-06-12,84.00462117748533
2017-06-13,83.89204314992165
2017-06-14,84.22996104089557
2017-06-15,84.44270717939362
2017-06-16,84.7826253305399
2017-06-17,84.74971177646981
2017-06-18,84.71681099980589
2017-06-19,85.09275060166777
2017-06-20,85.05971665353297
2017-06-21,84.9947957803123
2017-06-22,84.62201904162991
2017-06-23,84.83039866278969
2017-06-24,84.79746656258294
2017-06-25,84.7645472469822
2017-06-26,85.72388051195624
2017-06-27,86.12840626162156
2017-06-28,86.77326834849846
2017-06-29,86.9401393287438
2017-06-30,87.57020838612377
2017-07-01,87.53288117031207
2017-07-02,87.49544104905934
2017-07-03,89.23320225718957
2017-07-04,88.88600761398062
2017-07-05,89.95517294768764
2017-07-06,89.61158706358431
2017-07-07,89.3208902649498
2017-07-08,89.28268536506295
2017-07-09,89.24449680641912
2017-07-10,89.40275716313266
2017-07-11,89.60649525060582
2017-07-12,89.66917011389678
2017-07-13,89.57269766924679
2017-07-14,89.44464180559146
2017-07-15,89.40638397390771
2017-07-16,89.36814250610732
2017-07-17,89.80144961551879
2017-07-18,91.60099450312518
2017-07-19,91.33566701244546
2017-07-20,91.8715788143123
2017-07-21,93.02879290007505
2017-07-22,92.98900203246502
2017-07-23,92.94922818445824
2017-07-24,92.84514447760782
2017-07-25,92.91280222500046
2017-07-26,93.05425928207879
2017-07-27,93.89105705476103
2017-07-28,94.80501635036221
2017-07-29,94.76446574514887
2017-07-30,94.7239324844986
2017-07-31,94.17695188750534
2017-08-01,93.70413006532901
2017-08-02,93.88519997352364
2017-08-03,94.23727448631372
2017-08-04,94.09094666161535
2017-08-05,94.06321861138339
2017-08-06,94.03549873244526
2017-08-07,94.15358170478024
2017-08-08,94.34218126711406
2017-08-09,94.02769818526696
2017-08-10,94.00615030172833
2017-08-11,94.10307322214123
2017-08-12,94.07534159828298
2017-08-13,94.04761814677168
2017-08-14,90.56022582845746
2017-08-15,90.1060869123248
2017-08-16,91.09356896040092
2017-08-17,91.81001478549187
2017-08-18,91.49376325734411
2017-08-19,91.46680058183154
2017-08-20,91.43984585206131
2017-08-21,91.4128990656919
2017-08-22,91.03372257134195
2017-08-23,91.30003464207587
2017-08-24,91.30211027233597
2017-08-25,91.35679291150456
2017-08-26,91.32987060034971
2017-08-27,91.30295622304206
2017-08-28,91.55931641466452
2017-08-29,92.38702930091887
2017-08-30,92.23358716712302
2017-08-31,91.84498274257747
2017-09-01,91.1365533510177
2017-09-02,91.07500542824359
2017-09-03,91.01349907108343
2017-09-04,91.46177708511868
2017-09-05,91.5428966321273
2017-09-06,91.62704003229487
2017-09-07,91.77315931543437
2017-09-08,91.866333231398
2017-09-09,91.80429246097856
2017-09-10,91.74229358901154
2017-09-11,91.22527464155435
2017-09-12,90.43234190724779
2017-09-13,90.05319680817429
2017-09-14,89.68722774141735
2017-09-15,89.66914402474103
2017-09-16,89.60858709836262
2017-09-17,89.54807106834132
2017-09-18,90.05581629789081
2017-09-19,90.15953697921846
2017-09-20,90.55032498643666
2017-09-21,90.52312322553087
2017-09-22,90.78880939237531
2017-09-23,90.7274963141013
2017-09-24,90.66622464284195
2017-09-25,91.15129912234498
2017-09-26,91.17020858492181
2017-09-27,90.58653309813626
2017-09-28,90.315552913545
2017-09-29,89.51374808642416
2017-09-30,89.45524553127733
2017-10-01,89.41253956657285
2017-10-02,89.83219711643011
2017-10-03,89.90160490591938
2017-10-04,89.81103937772463
2017-10-05,89.78458403935986
2017-10-06,89.78966109654532
2017-10-07,89.74683252413848
2017-10-08,89.70402438043793
2017-10-09,89.67043132886273
2017-10-10,89.5904472024554
2017-10-11,89.6301176623463
2017-10-12,89.55766825924188
2017-10-13,89.3067850746515
2017-10-14,89.26418682821334
2017-10-15,89.22160890061876
2017-10-16,89.17905128217599
2017-10-17,88.71001179287174
2017-10-18,88.80556507326014
2017-10-19,89.34081830744013
2017-10-20,88.86173750389015
2017-10-21,88.81935153971115
2017-10-22,88.7769857931197
2017-10-23,88.3248831716196
2017-10-24,88.35051979475325
2017-10-25,88.50046836543241
2017-10-26,88.74640433876635
2017-10-27,88.6146819812029
2017-10-28,88.57241385949278
2017-10-29,88.53016589916078
2017-10-30,88.79967957615249
2017-10-31,88.55982466705328
2017-11-01,88.47672439583341
2017-11-02,88.02424190879071
2017-11-03,88.08667489500056
2017-11-04,88.0500107239841
2017-11-05,88.0133618136349
2017-11-06,87.97672815760104
2017-11-07,88.1797654741505
2017-11-08,87.81600682761194
2017-11-09,87.7656452788365
2017-11-10,87.4151749338219
2017-11-11,87.37879026012376
2017-11-12,87.34242073075819
2017-11-13,87.141659499873
2017-11-14,87.26922081760618
2017-11-15,87.1356774479254
2017-11-16,87.30151097488195
2017-11-17,87.57100962686496
2017-11-18,87.53456009035028
2017-11-19,87.49812572516588
2017-11-20,87.46170652499704
2017-11-21,87.42101122767421
2017-11-22,87.32134446657359
2017-11-23,87.51985682507267
2017-11-24,87.21348496631103
2017-11-25,87.17718424169453
2017-11-26,87.14089862646858
2017-11-27,86.95989910567499
2017-11-28,87.15143640282446
2017-11-29,87.09778182194951
2017-11-30,86.17619493857684
2017-12-01,86.0012877831523
2017-12-02,85.92714624380633
2017-12-03,85.85306862173418
2017-12-04,86.31009278417933
2017-12-05,85.90108656838967
2017-12-06,85.56418859129475
2017-12-07,85.19337334414581
2017-12-08,85.11992830623268
2017-12-09,85.04654658514083
2017-12-10,84.97322812628497
2017-12-11,84.58715005881123
2017-12-12,84.7290096462754
2017-12-13,84.70864196041028
2017-12-14,85.25717643036418
2017-12-15,85.72224896251866
2017-12-16,85.64834798198562
2017-12-17,85.57451071134109
2017-12-18,86.01523190095557
2017-12-19,86.59642827506991
2017-12-20,87.01620202486184
2017-12-21,87.6514945905019
2017-12-22,87.93570266656182
2017-12-23,87.8598934719878
2017-12-24,87.78414963236983
2017-12-25,87.70847109136551
2017-12-26,89.10918498409477
2017-12-27,89.63432943534359
2017-12-28,93.48771886440764
2017-12-29,90.85983540916945
2017-12-30,90.78150532556717
2017-12-31,90.70324277017437
2018-01-01,90.65898567926001
2018-01-02,90.08804643059295
2018-01-03,90.320818827886
2018-01-04,91.42026874531206
2018-01-05,92.46001417432255
2018-01-06,92.41489989694635
2018-01-07,92.36980763230768
2018-01-08,92.99256752223924
2018-01-09,92.11191557579785
2018-01-10,90.84666086731633
2018-01-11,91.44642138815661
2018-01-12,91.70245484626724
2018-01-13,91.65771020696603
2018-01-14,91.6129874000438
2018-01-15,92.37724389354916
2018-01-16,92.6230207811887
2018-01-17,92.5177967923514
2018-01-18,92.62435578897276
2018-01-19,93.28097332307098
2018-01-20,93.23545847276516
2018-01-21,93.18996583064954
2018-01-22,93.89966455545931
2018-01-23,94.49299060048875
2018-01-24,96.92789332550169
2018-01-25,97.07685282540804
2018-01-26,96.97123286245926
2018-01-27,96.9239174133331
2018-01-28,96.87662505096849
2018-01-29,96.49882247703269
2018-01-30,96.66532122476322
2018-01-31,96.79725019802386
2018-02-01,95.6938095100699
2018-02-02,95.63521082428149
2018-02-03,95.57684928899862
2018-02-04,95.51852336893289
2018-02-05,95.08581328534747
2018-02-06,95.35287001127493
2018-02-07,95.55295668860435
2018-02-08,96.39183268121187
2018-02-09,96.20011622270292
2018-02-10,96.14140995302716
2018-02-11,96.08273950894325
2018-02-12,96.02410486858857
2018-02-13,95.9655060101138
2018-02-14,96.5384466531618
2018-02-15,95.54130543226702
2018-02-16,96.14590153546634
2018-02-17,96.0872283503873
2018-02-18,96.02859097071018
2018-02-19,96.3647415243618
2018-02-20,95.69651365980062
2018-02-21,95.9376984586737
2018-02-22,96.03188371573634
2018-02-23,96.27525903883061
2018-02-24,96.21650691313512
2018-02-25,96.15779064101518
2018-02-26,97.2154494680551
2018-02-27,96.95944826064127
2018-02-28,96.29607175086946
2018-03-01,96.35096006164889
2018-03-02,96.97974838515509
2018-03-03,96.90238488802912
2018-03-04,96.82498037603668
2018-03-05,96.41689317291322
2018-03-06,97.54245553711345
2018-03-07,97.43232310605671
2018-03-08,96.75335134685082
2018-03-09,96.27037180037122
2018-03-10,96.19347213317363
2018-03-11,96.11663389254696
2018-03-12,95.76853397288251
2018-03-13,95.96685574658389
2018-03-14,95.93377073242925
2018-03-15,95.9180538344228
2018-03-16,95.14217334325355
2018-03-17,95.06617486802462
2018-03-18,94.99023709950477
2018-03-19,94.96485356027894
2018-03-20,94.91012490529873
2018-03-21,95.21862373134961
2018-03-22,94.7349369499095
2018-03-23,94.61841136257296
2018-03-24,94.54283126239808
2018-03-25,94.46731153473911
2018-03-26,94.69663739425788
2018-03-27,94.17155854391056
2018-03-28,93.7217689185126
2018-03-29,93.64690504602288
2018-03-30,93.5721009739346
2018-03-31,93.49735665447987
2018-04-01,93.42037916029588
2018-04-02,93.3409023295572
2018-04-03,93.40697914765418
2018-04-04,93.26906946069343
2018-04-05,93.16469730407414
2018-04-06,92.84574445072357
2018-04-07,92.76675648703892
2018-04-08,92.68783572189358
2018-04-09,92.49556402222969
2018-04-10,92.34898682515112
2018-04-11,92.59845269288533
2018-04-12,92.44114072844563
2018-04-13,92.29998957851238
2018-04-14,92.2214659125323
2018-04-15,92.14300905009299
2018-04-16,92.02775389724954
2018-04-17,92.01969259472722
2018-04-18,91.85821427595653
2018-04-19,91.6621119652088
2018-04-20,91.46678314909293
2018-04-21,91.38896832851637
2018-04-22,91.31121970843458
2018-04-23,90.94367226169652
2018-04-24,90.71890915454478
2018-04-25,90.10172639254128
2018-04-26,91.36668810341358
2018-04-27,91.46607884650439
2018-04-28,91.38826462510904
2018-04-29,91.31051660369873
2018-04-30,91.23283472595423
2018-05-01,91.18386648401446
2018-05-02,93.14270387070273
2018-05-03,101.023697529282
2018-05-04,95.72758636566316
2018-05-05,95.67788434829201
2018-05-06,95.62820813634045
2018-05-07,95.70179509082169
2018-05-08,97.19522344620917
2018-05-09,98.2292038244686
2018-05-10,98.7709119300734
2018-05-11,100.99125966264381
2018-05-12,100.93882473210132
2018-05-13,100.88641702591417
2018-05-14,107.86598068567478
2018-05-15,103.05636035631471
2018-05-16,103.79501660647183
2018-05-17,103.55755341705492
2018-05-18,103.35357680497998
2018-05-19,103.29991535309604
2018-05-20,103.24628176238055
2018-05-21,103.54580042009071
2018-05-22,103.69732752846663
2018-05-23,104.2653571446337
2018-05-24,104.78969842387247
2018-05-25,104.73529133382546
2018-05-26,104.68091249208429
2018-05-27,104.62656188398232
2018-05-28,104.31450473255184
2018-05-29,104.35085328983146
2018-05-30,104.88243618848733
2018-05-31,105.07738677212703
2018-06-01,105.10786899871832
2018-06-02,104.99861647985999
2018-06-03,104.88947752160365
2018-06-04,104.93705383176932
2018-06-05,104.16760696865184
2018-06-06,103.5656299831615
2018-06-07,102.87405392381885
2018-06-08,105.80249040300696
2018-06-09,105.69251587219277
2018-06-10,105.58265565246316
2018-06-11,108.35364544135327
2018-06-12,107.22167305251583
2018-06-13,108.15137910818638
2018-06-14,114.12955750333819
2018-06-15,112.73088994514637
2018-06-16,112.61371381174197
2018-06-17,112.49665947500078
2018-06-18,113.34125827965573
2018-06-19,113.74509815777442
2018-06-20,113.62686782354822
2018-06-21,112.11373303317667
2018-06-22,110.35206276877389
2018-06-23,110.2373592652822
2018-06-24,110.12277498832223
2018-06-25,110.1787600691253
2018-06-26,109.83464820236239
2018-06-27,110.12489355653277
2018-06-28,112.67506570237562
2018-06-29,115.56634911243411
2018-06-30,115.44622571105543
2018-07-01,115.34737570341223
2018-07-02,112.78178053422896
2018-07-03,111.18512706232295
2018-07-04,112.114718668414
2018-07-05,111.53469539004388
2018-07-06,111.48637215585654
2018-07-07,111.39408794894538
2018-07-08,111.3018801314142
2018-07-09,111.20974864003075
2018-07-10,109.38222663670692
2018-07-11,108.50882395220576
2018-07-12,107.84429933997673
2018-07-13,107.7833815491762
2018-07-14,107.69416253799011
2018-07-15,107.60501737893078
2018-07-16,108.16042613239134
2018-07-17,108.7471495724427
2018-07-18,108.85850009772975
2018-07-19,109.00696781179391
2018-07-20,109.15552587688913
2018-07-21,109.06517105646817
2018-07-22,108.97489102835402
2018-07-23,108.73753143398324
2018-07-24,108.58548972658674
2018-07-25,108.65734349923721
2018-07-26,108.28110460216448
2018-07-27,108.01491099035967
2018-07-28,107.9255003278494
2018-07-29,107.83616367610756
2018-07-30,107.59994013143618
2018-07-31,107.85636494069706
2018-08-01,108.6000296925556
2018-08-02,107.8731410569844
2018-08-03,107.49731125468871
2018-08-04,107.37688008720063
2018-08-05,107.25658384091135
2018-08-06,106.74582513586255
2018-08-07,106.7181705600654
2018-08-08,107.48627625484839
2018-08-09,108.55077337944978
2018-08-10,111.82109831677036
2018-08-11,111.69582313302013
2018-08-12,111.57068829730707
2018-08-13,113.31515733411473
2018-08-14,112.11227225619777
2018-08-15,113.46162573653771
2018-08-16,112.52870000203758
2018-08-17,112.22955057097737
2018-08-18,112.10381779083458
2018-08-19,111.97822587138245
2018-08-20,111.85277465481218
2018-08-21,112.43753718987838
2018-08-22,112.63452433457797
2018-08-23,112.72371963735692
2018-08-24,114.48330401941418
2018-08-25,114.3550463188259
2018-08-26,114.22693230764193
2018-08-27,114.73218818364185
2018-08-28,115.67785723282262
2018-08-29,125.07417408026352
2018-08-30,137.80618441587313
2018-08-31,135.27151781771803
2018-09-01,134.99250259080128
2018-09-02,134.7047914429139
2018-09-03,136.86368042121342
2018-09-04,141.31394630519864
2018-09-05,139.50407508682682
2018-09-06,135.42248406198064
2018-09-07,134.15002943418534
2018-09-08,133.86411385949128
2018-09-09,133.57880766010777
2018-09-10,133.52023012920424
2018-09-11,134.84529888840768
2018-09-12,136.3223442279691
2018-09-13,140.3726977581675
2018-09-14,141.02620911521575
2018-09-15,140.72563825588628
2018-09-16,140.4257080068522
2018-09-17,139.14754632258797
2018-09-18,139.73319586830493
2018-09-19,138.0362765761861
2018-09-20,134.8842176343872
2018-09-21,131.15042456487274
2018-09-22,130.870902084192
2018-09-23,130.59197535314354
2018-09-24,130.3401044770711
2018-09-25,132.58694502570089
2018-09-26,134.54678191081643
2018-09-27,138.45682717325042
2018-09-28,143.2781198428495
2018-09-29,142.97274945904306
2018-09-30,142.66802991481643
2018-10-01,137.79996138231988
2018-10-02,133.20505693084073
2018-10-03,131.54971748397955
2018-10-04,132.98163400834858
2018-10-05,131.56578713237323
2018-10-06,131.34613180219247
2018-10-07,131.12684319701776
2018-10-08,130.02891958372993
2018-10-09,128.84823428430911
2018-10-10,128.609848357831
2018-10-11,126.11116616783313
2018-10-12,126.3104912030611
2018-10-13,126.0996098390285
2018-10-14,125.88908055144876
2018-10-15,125.67890275251344
2018-10-16,123.7475998458849
2018-10-17,124.31027763341227
2018-10-18,125.02683771762102
2018-10-19,124.63626630054038
2018-10-20,124.42818013449792
2018-10-21,124.22044137819243
2018-10-22,123.8095378394246
2018-10-23,123.8564062166452
2018-10-24,124.50190683205736
2018-10-25,123.96739687029567
2018-10-26,124.31761965643658
2018-10-27,124.11006548610017
2018-10-28,123.90285783730867
2018-10-29,123.41299342407434
2018-10-30,122.04476763866565
2018-10-31,118.99078424665174
2018-11-01,119.76467580426477
2018-11-02,118.93487803019347
2018-11-03,118.8006793263525
2018-11-04,118.66663204396512
2018-11-05,118.7521451640331
2018-11-06,118.61815264456959
2018-11-07,118.34990833750281
2018-11-08,117.36083576035013
2018-11-09,116.23081946954188
2018-11-10,116.09967185685231
2018-11-11,115.96867222295522
2018-11-12,116.10896502324938
2018-11-13,116.97343162880271
2018-11-14,116.72196577858902
2018-11-15,117.31437803594767
2018-11-16,117.50035269786703
2018-11-17,117.36777262300535
2018-11-18,117.23534214323716
2018-11-19,117.10306108976869
2018-11-20,117.52608628147145
2018-11-21,117.5386198037239
2018-11-22,118.03737898434537
2018-11-23,121.13420931912661
2018-11-24,120.99752902693088
2018-11-25,120.86100295625842
2018-11-26,124.44090104587056
2018-11-27,122.71580668712294
2018-11-28,122.95101222364666
2018-11-29,120.72737547367811
2018-11-30,120.59115422743803
2018-12-01,120.4951936505318
2018-12-02,120.40238193626924
2018-12-03,116.96743002408448
2018-12-04,119.54270127582176
2018-12-05,119.41680067418261
2018-12-06,119.98022123604221
2018-12-07,118.96746695051674
2018-12-08,118.87583197143887
2018-12-09,118.78426757442517
2018-12-10,118.27281949686585
2018-12-11,118.77989474248267
2018-12-12,118.93722322038498
2018-12-13,119.18262368125549
2018-12-14,119.72367777958351
2018-12-15,119.63146032728605
2018-12-16,119.53931390570422
2018-12-17,120.07369450882757
2018-12-18,119.98042892748732
2018-12-19,120.66638237753111
2018-12-20,119.9561248567824
2018-12-21,118.9597422868879
2018-12-22,118.86811325775086
2018-12-23,118.77655480609508
2018-12-24,118.68506687755809
2018-12-25,118.59364941781925
2018-12-26,120.17998669003444
2018-12-27,119.61746300150485
2018-12-28,117.92225470124555
2018-12-29,117.83142479942998
2018-12-30,117.74066485956591
2018-12-31,117.6861337485348
2019-01-01,117.57867688242203
2019-01-02,117.55078754028918
2019-01-03,117.57428096850728
2019-01-04,117.69831196145562
2019-01-05,117.59084397565903
2019-01-06,117.48347411674105
2019-01-07,117.35641684450356
2019-01-08,118.19936471856738
2019-01-09,117.88816338586648
2019-01-10,116.67419125454165
2019-01-11,116.03664864840691
2019-01-12,115.93069789430508
2019-01-13,115.8248438817278
2019-01-14,116.18910116111081
2019-01-15,115.88487733827945
2019-01-16,117.0504703423473
2019-01-17,117.33443277208117
2019-01-18,116.55620170224181
2019-01-19,116.44977655458852
2019-01-20,116.34344858161909
2019-01-21,116.58275611588145
2019-01-22,115.74696954883508
2019-01-23,115.97910473034894
2019-01-24,115.20879130573034
2019-01-25,114.35964069138038
2019-01-26,114.25522117986222
2019-01-27,114.15089701172154
2019-01-28,114.46877291221702
2019-01-29,116.46583604781797
2019-01-30,115.78043026867047
2019-01-31,116.13039056348995
2019-02-01,115.3964363185968
2019-02-02,115.27496595074125
2019-02-03,115.1536234468886
2019-02-04,114.76528958814183
2019-02-05,114.63022099778102
2019-02-06,115.13024109735154
2019-02-07,115.7262035552506
2019-02-08,115.47690620253776
2019-02-09,115.35535112923799
2019-02-10,115.233924009105
2019-02-11,114.69136321862533
2019-02-12,115.46342594828015
2019-02-13,115.58258024853203
2019-02-14,115.54238080258732
2019-02-15,116.84442797854635
2019-02-16,116.72143340348653
2019-02-17,116.59856829686395
2019-02-18,116.93125619463578
2019-02-19,118.63624034440718
2019-02-20,119.81734404730501
2019-02-21,118.78113971950002
2019-02-22,118.08153860654514
2019-02-23,117.9572418051094
2019-02-24,117.8330758428804
2019-02-25,117.28881876287946
2019-02-26,116.47555565013137
2019-02-27,116.4377250532749
2019-02-28,117.1386192962893
2019-03-01,118.52150441799374
2019-03-02,118.35495625007817
2019-03-03,118.18864211810718
2019-03-04,118.0225705836944
2019-03-05,117.85673240296136
2019-03-06,119.86329467874586
2019-03-07,124.05387976959335
2019-03-08,120.17798408763008
2019-03-09,120.00911725015409
2019-03-10,119.8404876941487
2019-03-11,120.18384242007627
2019-03-12,121.16168644063919
2019-03-13,120.04198738693907
2019-03-14,118.33178062778099
2019-03-15,116.32981119388532
2019-03-16,116.16635157630537
2019-03-17,116.00312164229759
2019-03-18,116.18078901925506
2019-03-19,117.69199778598185
2019-03-20,118.66119887046102
2019-03-21,118.62663606815072
2019-03-22,119.6104450509029
2019-03-23,119.44237568496887
2019-03-24,119.2745424799466
2019-03-25,120.20958725705195
2019-03-26,121.55844323194422
2019-03-27,124.06781759508276
2019-03-28,123.18867293341269
2019-03-29,122.51563278168398
2019-03-30,122.3434812215935
2019-03-31,122.17157155846729
2019-04-01,120.50552682335037
2019-04-02,120.38557825483755
2019-04-03,120.85096168059775
2019-04-04,122.37635258237867
2019-04-05,123.62440141459774
2019-04-06,123.50134838646012
2019-04-07,123.37841784261818
2019-04-08,122.87498146301319
2019-04-09,121.7562135219546
2019-04-10,121.05732953968958
2019-04-11,119.76620057632464
2019-04-12,118.05900814377972
2019-04-13,117.94149478650735
2019-04-14,117.82409839946332
2019-04-15,116.12019997360825
2019-04-16,117.83345568970995
2019-04-17,116.1934935698965
2019-04-18,116.07783710507195
2019-04-19,115.96229576216552
2019-04-20,115.84686942658745
2019-04-21,115.73155798386188
2019-04-22,117.02974521444085
2019-04-23,116.32909944941059
2019-04-24,119.94583704060497
2019-04-25,122.46652061927719
2019-04-26,125.66025192673837
2019-04-27,125.53517245748162
2019-04-28,125.41021748959578
2019-04-29,120.67708750224759
2019-04-30,120.36843073150376
2019-05-01,120.25869207989844
2019-05-02,121.2409450288461
2019-05-03,120.54693838728481
2019-05-04,120.4406025138229
2019-05-05,120.33436044048675
2019-05-06,120.6888566755646
2019-05-07,122.03177269113887
2019-05-08,121.71231499252696
2019-05-09,121.86316938815007
2019-05-10,120.51173568323117
2019-05-11,120.40543086248891
2019-05-12,120.29921981448047
2019-05-13,120.43461044433445
2019-05-14,120.05132678394092
2019-05-15,119.99498466805227
2019-05-16,118.89170014582677
2019-05-17,118.40939606108596
2019-05-18,118.30494573887367
2019-05-19,118.20058755352025
2019-05-20,118.77059208453313
2019-05-21,117.91289033570038
2019-05-22,118.30612940620242
2019-05-23,118.58178248573121
2019-05-24,118.2542363520752
2019-05-25,118.14992289806881
2019-05-26,118.04570146018823
2019-05-27,117.80967815820172
2019-05-28,117.21891185280171
2019-05-29,116.67755756256813
2019-05-30,117.01288635232818
2019-05-31,117.7268892916117
2019-06-01,117.6307007821102
2019-06-02,117.53138855202269
2019-06-03,118.28436831892691
2019-06-04,118.46164630513813
2019-06-05,118.3757720875608
2019-06-06,118.49095300567043
2019-06-07,118.44235969858457
2019-06-08,118.3423622081311
2019-06-09,118.2424491426935
2019-06-10,118.01929205342516
2019-06-11,117.75596448034602
2019-06-12,114.85902319882851
2019-06-13,113.9904210538804
2019-06-14,114.73344897642804
2019-06-15,114.63658281302239
2019-06-16,114.53979843094291
2019-06-17,114.44309576114395
2019-06-18,113.44806138136467
2019-06-19,112.9691165192772
2019-06-20,112.87373993121008
2019-06-21,112.2729038557465
2019-06-22,112.17811506008195
2019-06-23,112.08340629188147
2019-06-24,111.15465736917723
2019-06-25,110.72711597680768
2019-06-26,111.53045388638381
2019-06-27,111.4329178678684
2019-06-28,110.769828902535
2019-06-29,110.6763091099844
2019-06-30,110.58286827351496
2019-07-01,110.09383356182315
2019-07-02,109.41903205360761
2019-07-03,109.08529433228134
2019-07-04,109.06767942933475
2019-07-05,108.39732767006342
2019-07-06,108.3362576652383
2019-07-07,108.27522206666262
2019-07-08,108.21422085495216
2019-07-09,108.15325401073368
2019-07-10,108.7109719275389
2019-07-11,108.34131300918246
2019-07-12,108.2581478164728
2019-07-13,108.19715622422956
2019-07-14,108.13619899405884
2019-07-15,109.99738158851405
2019-07-16,110.38570960939407
2019-07-17,109.9710145878088
2019-07-18,109.89518070721587
2019-07-19,109.7827711838644
2019-07-20,109.72092063357852
2019-07-21,109.6591049292938
2019-07-22,109.68861708785529
2019-07-23,109.7168206952233
2019-07-24,110.37350902789018
2019-07-25,111.31592690743184
2019-07-26,111.27406750795426
2019-07-27,111.21137677575923
2019-07-28,111.14872136291571
2019-07-29,112.08480335224526
2019-07-30,112.2859937918695
2019-07-31,112.31739685532406
2019-08-01,112.26010705829302
2019-08-02,112.43930380633938
2019-08-03,112.31233925659892
2019-08-04,112.18551807306889
2019-08-05,113.50820431710761
2019-08-06,113.09929416468647
2019-08-07,113.39729483388273
2019-08-08,112.73527586007913
2019-08-09,112.55629115233725
2019-08-10,112.42919450247516
2019-08-11,112.30224136798867
2019-08-12,130.93817038683812
2019-08-13,137.8100435710383
2019-08-14,148.23138821300225
2019-08-15,140.10681106691393
2019-08-16,134.8231281876039
2019-08-17,134.67088820402645
2019-08-18,134.51882012724948
2019-08-19,134.36692376315878
2019-08-20,133.07218749397262
2019-08-21,133.61437019047
2019-08-22,133.15676313403125
2019-08-23,132.78885186570497
2019-08-24,132.63890895235573
2019-08-25,132.48913535199435
2019-08-26,131.97391648420205
2019-08-27,134.31421770746005
2019-08-28,138.2233488607049
2019-08-29,137.52143005766933
2019-08-30,141.11377200783525
2019-08-31,140.95442873623324
2019-09-01,140.68403086175252
2019-09-02,131.8265989784117
2019-09-03,131.82284713424792
2019-09-04,132.403253251407
2019-09-05,132.31478267330007
2019-09-06,132.27393981357497
2019-09-07,132.01174422413837
2019-09-08,131.75006836313213
2019-09-09,131.2896600019789
2019-09-10,131.00669451802094
2019-09-11,131.27949024254727
2019-09-12,131.23760520578108
2019-09-13,130.9546510948945
2019-09-14,130.69507062135844
2019-09-15,130.43600469252675
2019-09-16,130.13588936528822
2019-09-17,130.44243082315916
2019-09-18,130.32969738893303
2019-09-19,129.5912194639277
2019-09-20,129.3766814221492
2019-09-21,129.1202288261757
2019-09-22,128.864284574776
2019-09-23,128.87273403287176
2019-09-24,128.52861467322495
2019-09-25,128.4292791124081
2019-09-26,128.69214094320435
2019-09-27,128.6711438284344
2019-09-28,128.41608976073874
2019-09-29,128.16154126543108
2019-09-30,128.26274439025133
2019-10-01,128.46052342002244
2019-10-02,128.94200241434186
2019-10-03,129.48873384887665
2019-10-04,129.39014462869167
2019-10-05,129.25998516089564
2019-10-06,129.12995662646472
2019-10-07,129.07241861695903
2019-10-08,128.96021630772958
2019-10-09,128.66691921628717
2019-10-10,128.71953899206474
2019-10-11,129.15967896267918
2019-10-12,129.0297513308434
2019-10-13,128.89995439915842
2019-10-14,128.77028803614695
2019-10-15,128.56422813103433
2019-10-16,128.5635584939261
2019-10-17,128.71775299990114
2019-10-18,129.10434568049735
2019-10-19,128.97447371094236
2019-10-20,128.84473238554497
2019-10-21,128.6965259457335
2019-10-22,129.59019301606588
2019-10-23,130.32393507784602
2019-10-24,131.2741429459126
2019-10-25,132.51024740008052
2019-10-26,132.37694927812066
2019-10-27,132.2437852468418
2019-10-28,131.2950395078549
2019-10-29,130.95635117572354
2019-10-30,131.0236864873756
2019-10-31,130.9479485105263
2019-11-01,131.76041757267575
2019-11-02,131.58670852956865
2019-11-03,131.41322849933366
2019-11-04,130.69933899930228
2019-11-05,130.45809205123294
2019-11-06,130.2860999556303
2019-11-07,129.1105105807323
2019-11-08,128.1504471484108
2019-11-09,127.98149738369395
2019-11-10,127.81277035735712
2019-11-11,128.18686578810565
2019-11-12,127.09674388075014
2019-11-13,126.54449796709797
2019-11-14,126.29245348431661
2019-11-15,126.41166460556916
2019-11-16,126.24500720040346
2019-11-17,126.0785695114387
2019-11-18,125.91235124900744
2019-11-19,125.6199488134154
2019-11-20,125.3731456282573
2019-11-21,125.2654962900174
2019-11-22,125.06029597954931
2019-11-23,124.89542017886872
2019-11-24,124.73076174557436
2019-11-25,124.21546501070824
2019-11-26,124.06108709018824
2019-11-27,123.43570761047164
2019-11-28,123.62141898755601
2019-11-29,123.78683442443503
2019-11-30,123.62363751785826
2019-12-01,123.50036116376546
2019-12-02,123.83914576197806
2019-12-03,123.8450063981577
2019-12-04,123.80641515972756
2019-12-05,124.12621053554808
2019-12-06,124.15756348703391
2019-12-07,124.0376544973244
2019-12-08,123.91786131341367
2019-12-09,123.86454882618472
2019-12-10,123.86305511058116
2019-12-11,123.60353173100252
2019-12-12,123.83737581983492
2019-12-13,123.77707680579853
2019-12-14,123.65753528281651
2019-12-15,123.53810921074093
2019-12-16,123.90524075812945
2019-12-17,123.82672499191155
2019-12-18,123.67167883001859
2019-12-19,123.62260398320235
2019-12-20,123.1199508230208
2019-12-21,123.00104393968935
2019-12-22,122.88225189434156
2019-12-23,123.335800261941
2019-12-24,123.21668491536795
2019-12-25,123.0976846081084
2019-12-26,122.9627068520978
2019-12-27,122.99908893706137
2019-12-28,122.88029877981756
2019-12-29,122.7616233478256
2019-12-30,123.12774885530946
2019-12-31,123.03520594439061
2020-01-01,122.95855454172715
2020-01-02,122.52694740640926
2020-01-03,122.31913617065513
2020-01-04,122.24293088219238
2020-01-05,122.16677306991511
2020-01-06,121.84713497950818
2020-01-07,121.57697956906563
2020-01-08,121.74623326408694
2020-01-09,121.3468551752914
2020-01-10,121.42951795650305
2020-01-11,121.35386690358148
2020-01-12,121.27826298155443
2020-01-13,121.07313988922441
2020-01-14,121.26604279282054
2020-01-15,120.65295432381527
2020-01-16,120.4466835120878
2020-01-17,120.50522969455697
2020-01-18,120.43015447674858
2020-01-19,120.35512603108734
2020-01-20,120.30907851320234
2020-01-21,120.13371002049738
2020-01-22,120.07943492860215
2020-01-23,119.9564288126562
2020-01-24,119.8273859255266
2020-01-25,119.75273300697222
2020-01-26,119.67812659747091
2020-01-27,119.32659425142455
2020-01-28,119.36217176801358
2020-01-29,119.22541454810116
2020-01-30,118.86571382380478
2020-01-31,118.94553709386571
2020-02-01,118.88721737256485
2020-02-02,118.82892624577855
2020-02-03,119.01231602306139
2020-02-04,119.1796415848722
2020-02-05,119.10208498725842
2020-02-06,119.09837280884663
2020-02-07,118.54790699114548
2020-02-08,118.48978223030583
2020-02-09,118.43168596839047
2020-02-10,118.65109788448105
2020-02-11,118.88272276089211
2020-02-12,118.82906256595527
2020-02-13,118.97504151892157
2020-02-14,119.36660270862782
2020-02-15,119.30807653629148
2020-02-16,119.24957905969387
2020-02-17,119.44616996455666
2020-02-18,118.98740966820857
2020-02-19,118.83883200513638
2020-02-20,118.54435079224186
2020-02-21,118.81317773071125
2020-02-22,118.75492290601233
2020-02-23,118.69669664400875
2020-02-24,118.63849893069607
2020-02-25,118.58032975207671
2020-02-26,118.51983626280516
2020-02-27,118.55358445509205
2020-02-28,118.37855964176993
2020-02-29,118.32051791296713
2020-03-01,118.1793840480288
2020-03-02,118.76722479537096
2020-03-03,118.60446271901944
2020-03-04,117.91242435880551
2020-03-05,117.20770427211546
2020-03-06,117.4520714525231
2020-03-07,117.31181146772663
2020-03-08,117.1717189798767
2020-03-09,116.25237027190826
2020-03-10,116.630298959212
2020-03-11,116.04774827265156
2020-03-12,114.68103707903366
2020-03-13,114.85903190114809
2020-03-14,114.72186849594831
2020-03-15,114.58486888979351
2020-03-16,113.24416211009189
2020-03-17,112.75818548455156
2020-03-18,111.1051467040612
2020-03-19,110.81570810711902
2020-03-20,112.11655228446634
2020-03-21,111.98266391856204
2020-03-22,111.84893544068642
2020-03-23,111.71536665990291
2020-03-24,111.58195738550296
2020-03-25,112.42845107016588
2020-03-26,113.37953838402215
2020-03-27,113.17256090422228
2020-03-28,113.03741146432313
2020-03-29,112.90242341841346
2020-03-30,111.88987088775346
2020-03-31,111.7562532223048
2020-04-01,110.9600654604791
2020-04-02,110.90738541040479
2020-04-03,110.76323145689764
2020-04-04,110.69662119605852
2020-04-05,110.63005099297855
2020-04-06,111.25769966234178
2020-04-07,112.09071798788202
2020-04-08,112.23395299821411
2020-04-09,112.16645828190903
2020-04-10,112.09900415525271
2020-04-11,112.03159059383552
2020-04-12,111.96421757326252
2020-04-13,112.42348093963979
2020-04-14,112.6922280182409
2020-04-15,112.13941282900734
2020-04-16,111.95051478250404
2020-04-17,112.2974394365747
2020-04-18,112.22990654109988
2020-04-19,112.16241425823377
2020-04-20,111.95854881955181
2020-04-21,111.787888878834
2020-04-22,111.40514984720933
2020-04-23,110.93266727065603
2020-04-24,109.60223497615532
2020-04-25,109.53632290981086
2020-04-26,109.4704504813487
2020-04-27,109.89918316258007
2020-04-28,111.40535288080476
2020-04-29,112.38576422839759
2020-04-30,112.41940582452929
2020-05-01,112.35890837859071
2020-05-02,112.29846537844186
2020-05-03,112.2380548933496
2020-05-04,111.42313397087761
2020-05-05,111.28490180098541
2020-05-06,110.51919687080478
2020-05-07,109.87703460515208
2020-05-08,110.49201508323256
2020-05-09,110.43257637044606
2020-05-10,110.373169632464
2020-05-11,110.0105871360945
2020-05-12,110.15672004697315
2020-05-13,109.64101937088917
2020-05-14,109.8169748143035
2020-05-15,110.1503497811737
2020-05-16,110.09109486579321
2020-05-17,110.03187182634416
2020-05-18,111.1093065065458
2020-05-19,111.22187199874377
2020-05-20,111.74254861531033
2020-05-21,112.43532445176582
2020-05-22,112.5119267378598
2020-05-23,112.45140142213094
2020-05-24,112.39090866574001
2020-05-25,112.33044845117189
2020-05-26,113.90673041055075
2020-05-27,114.15899140297148
2020-05-28,114.41238658973553
2020-05-29,113.98061669277679
2020-05-30,113.91930130149055
2020-05-31,113.85801889456005
2020-06-01,114.2430098894269
2020-06-02,115.82298618730323
2020-06-03,117.04126532948595
2020-06-04,117.15510125105699
2020-06-05,118.14486217272244
2020-06-06,118.07149233407921
2020-06-07,117.99816805927286
2020-06-08,118.75710768931818
2020-06-09,118.75208750141879
2020-06-10,118.86198374283714
2020-06-11,118.09960500200243
2020-06-12,117.05168840249635
2020-06-13,116.9789974421527
2020-06-14,116.90635162405161
2020-06-15,116.83375092015909
2020-06-16,116.69194818629462
2020-06-17,116.3038376223714
2020-06-18,115.31244347512863
2020-06-19,115.67427797236223
2020-06-20,115.60244240580498
2020-06-21,115.5306514502772
2020-06-22,116.28404084658193
2020-06-23,117.21823816000946
2020-06-24,115.92717133377417
2020-06-25,115.59353112281869
2020-06-26,115.149554268547
2020-06-27,115.07804456375621
2020-06-28,115.00657926762952
2020-06-29,115.10407251400659
2020-06-30,115.25018850695304
2020-07-01,116.01933862907086
2020-07-02,116.08647469009124
2020-07-03,116.30821352553863
2020-07-04,116.25841903671817
2020-07-05,116.20864586617816
2020-07-06,116.61222371442284
2020-07-07,116.4960923733082
2020-07-08,116.67891810360722
2020-07-09,116.62896490677804
2020-07-10,116.5790330961762
2020-07-11,116.52912266264579
2020-07-12,116.47923359703466
2020-07-13,117.10529943126878
2020-07-14,117.19326948719791
2020-07-15,117.21666799921123
2020-07-16,117.43391963036302
2020-07-17,117.33135494602062
2020-07-18,117.28112242447244
2020-07-19,117.23091140873765
2020-07-20,117.76548932438531
2020-07-21,119.25674882872184
2020-07-22,119.76122164036455
2020-07-23,119.43302458244183
2020-07-24,119.63110796762173
2020-07-25,119.579890863621
2020-07-26,119.5286956869583
2020-07-27,120.20025440012017
2020-07-28,120.39634029768219
2020-07-29,120.61291314226963
2020-07-30,120.67533440466708
2020-07-31,120.32281103719538
2020-08-01,120.23017444909144
2020-08-02,120.1376091819397
2020-08-03,119.4869446934432
2020-08-04,119.56332405410204
2020-08-05,119.82196351368142
2020-08-06,119.58921632255999
2020-08-07,118.82836873808589
2020-08-08,118.73688272180216
2020-08-09,118.64546714064485
2020-08-10,118.45728550428353
2020-08-11,119.08980383868281
2020-08-12,118.50199006579388
2020-08-13,119.33003164743754
2020-08-14,118.91883849702893
2020-08-15,118.82728282803579
2020-08-16,118.73579764779471
2020-08-17,118.64438290203643
2020-08-18,118.92417169823814
2020-08-19,118.67787267192963
2020-08-20,118.08412529320414
2020-08-21,117.83850208720847
2020-08-22,117.74777816971903
2020-08-23,117.65712410061579
2020-08-24,118.01375348398521
2020-08-25,118.40577000237174
2020-08-26,118.01034876129934
2020-08-27,118.41201987751846
2020-08-28,119.64530262504864
2020-08-29,119.5531876509859
2020-08-30,119.46114359628449
2020-08-31,119.55161793377664
2020-09-01,120.27684081498569
2020-09-02,120.02444469940802
2020-09-03,120.3931022398085
2020-09-04,120.31505006914914
2020-09-05,120.19661549857842
2020-09-06,120.07829751148999
2020-09-07,120.35396894607484
2020-09-08,119.96628564278247
2020-09-09,120.40699435234905
2020-09-10,120.44845144135563
2020-09-11,120.08737177377029
2020-09-12,119.96916132296789
2020-09-13,119.8510672350309
2020-09-14,120.70559025396841
2020-09-15,120.78015584165374
2020-09-16,121.03190379086566
2020-09-17,121.05495388134635
2020-09-18,120.30684677488783
2020-09-19,120.18842027939701
2020-09-20,120.07011035943952
2020-09-21,119.55289700564104
2020-09-22,118.9100585858164
2020-09-23,118.06563398995247
2020-09-24,118.41439631612398
2020-09-25,117.92300655436043
2020-09-26,117.80692664055378
2020-09-27,117.69096099237505
2020-09-28,117.4590810784449
2020-09-29,117.59105777371548
2020-09-30,117.72307504961579
2020-10-01,117.67340795455503
2020-10-02,118.43563045200993
2020-10-03,118.29741750616127
2020-10-04,118.1593658531459
2020-10-05,118.7419167800182
2020-10-06,118.85933447022711
2020-10-07,118.58672811701783
2020-10-08,118.36545090089372
2020-10-09,119.1365966751285
2020-10-10,118.99756571018993
2020-10-11,118.85869699270299
2020-10-12,118.71999033332692
2020-10-13,118.38472610837358
2020-10-14,118.39192958123128
2020-10-15,117.93697998120865
2020-10-16,117.86769033718443
2020-10-17,117.73014017056897
2020-10-18,117.59275052333147
2020-10-19,118.13091175661985
2020-10-20,118.46703354764381
2020-10-21,118.35074423538722
2020-10-22,118.66326124453472
2020-10-23,118.44573417215915
2020-10-24,118.30750943539148
2020-10-25,118.169446005217
2020-10-26,118.05365619626454
2020-10-27,117.8581694312847
2020-10-28,116.99059675180858
2020-10-29,116.42236504012295
2020-10-30,116.46090422055777
2020-10-31,116.32499575629672
2020-11-01,116.20547270724519
2020-11-02,116.61680844656527
2020-11-03,117.16762298859456
2020-11-04,117.81874758545526
2020-11-05,118.8391675349378
2020-11-06,118.71706119349183
2020-11-07,118.59508031538365
2020-11-08,118.47322477170069
2020-11-09,119.84912162953884
2020-11-10,120.01986645124654
2020-11-11,119.52055891200712
2020-11-12,119.48896006816916
2020-11-13,119.25368044489586
2020-11-14,119.13114819458525
2020-11-15,119.0087418452306
2020-11-16,119.77676162817217
2020-11-17,120.51823978361705
2020-11-18,120.83906863041032
2020-11-19,120.67631367420186
2020-11-20,120.3951460321252
2020-11-21,120.27144093459906
2020-11-22,120.14786294312043
2020-11-23,120.02441192708883
2020-11-24,120.23788625300114
2020-11-25,120.8876543700074
2020-11-26,121.02472178615919
2020-11-27,120.94203434673616
2020-11-28,120.8177673256232
2020-11-29,120.69362798792996
2020-11-30,120.7249448293176
2020-12-01,121.91070202141509
2020-12-02,122.14706753660884
2020-12-03,123.07654853040123
2020-12-04,122.94765268833304
2020-12-05,122.82412014973814
2020-12-06,122.7007117313502
2020-12-07,122.57742730845847
2020-12-08,122.45426675647761
2020-12-09,122.7779665020736
2020-12-10,123.59675857996832
2020-12-11,123.59979509660674
2020-12-12,123.47560731323523
2020-12-13,123.35154430843257
2020-12-14,123.27198166064485
2020-12-15,123.51412598161188
2020-12-16,123.31623687390186
2020-12-17,124.11401741345058
2020-12-18,123.82132553697586
2020-12-19,123.69691516930061
2020-12-20,123.57262980383732
2020-12-21,123.57557539981553
2020-12-22,123.31820324885345
2020-12-23,123.07214225239471
2020-12-24,122.94848463201471
2020-12-25,122.82495125751842
2020-12-26,122.70154200406895
2020-12-27,122.57825674695475
2020-12-28,122.95637828394659
2020-12-29,123.70016546181886
2020-12-30,124.07376006934633
2020-12-31,123.9490960662585
2021-01-01,123.80824112427568
2021-01-02,123.66754624892755
2021-01-03,123.52701125831543
2021-01-04,123.79825958995082
2021-01-05,123.78995603617406
2021-01-06,123.76938234176728
2021-01-07,122.7008781183546
2021-01-08,122.80482280984953
2021-01-09,122.66526821251023
2021-01-10,122.52587220410251
2021-01-11,121.75543526612714
2021-01-12,122.51057873146323
2021-01-13,122.98941103559773
2021-01-14,123.75634245718061
2021-01-15,123.09292342056695
2021-01-16,122.95304142757824
2021-01-17,122.81331839557129
2021-01-18,123.03140748833054
2021-01-19,122.77483031535358
2021-01-20,123.23609254591376
2021-01-21,122.80028407227559
2021-01-22,122.0891422930516
2021-01-23,121.95040099037011
2021-01-24,121.8118173523975
2021-01-25,121.7220787092135
2021-01-26,122.98616596255496
2021-01-27,122.53753144328961
2021-01-28,122.43833261811984
2021-01-29,122.1654993241975
2021-01-30,122.02667124988531
2021-01-31,121.88800093888868
2021-02-01,121.93138613603318
2021-02-02,122.60277724124107
2021-02-03,122.55116451695878
2021-02-04,121.92471976389834
2021-02-05,122.66004223704756
2021-02-06,122.54687487790123
2021-02-07,122.43381192807144
2021-02-08,122.75680265264408
2021-02-09,122.84573635045686
2021-02-10,122.93133327553399
2021-02-11,122.75805271161839
2021-02-12,122.90443658976741
2021-02-13,122.79104374999201
2021-02-14,122.67775552756375
2021-02-15,122.56457182596169
2021-02-16,122.45149254875389
2021-02-17,122.4267115146521
2021-02-18,122.2129971652639
2021-02-19,122.10024225428955
2021-02-20,121.987591372103
2021-02-21,121.87504442272625
2021-02-22,122.46299475710414
2021-02-23,122.5234561955238
2021-02-24,122.82767701152491
2021-02-25,122.24380022231436
2021-02-26,121.25972027640853
2021-02-27,121.14784486805034
2021-02-28,121.03607267704221
2021-03-01,121.16231550177065
2021-03-02,120.42668336204754
2021-03-03,119.88806486195986
2021-03-04,120.47121641131338
2021-03-05,119.57843540346992
2021-03-06,119.40379733238531
2021-03-07,119.22941431109935
2021-03-08,118.82054856877016
2021-03-09,118.5422849873722
2021-03-10,119.0385154746491
2021-03-11,120.3488003995597
2021-03-12,119.88650989035534
2021-03-13,119.71142189254307
2021-03-14,119.53658960162399
2021-03-15,119.33939009582394
2021-03-16,119.25561581875021
2021-03-17,119.13895239236768
2021-03-18,119.71429740453561
2021-03-19,120.04783246281671
2021-03-20,119.87250886179734
2021-03-21,119.69744131175734
2021-03-22,119.53408770089547
2021-03-23,119.29629452046842
2021-03-24,119.12206850143494
2021-03-25,117.79067159453216
2021-03-26,117.21970282680817
2021-03-27,117.04850956168713
2021-03-28,116.87756631540522
2021-03-29,116.50035214072416
2021-03-30,116.35905952561765
2021-03-31,116.83188183196862
2021-04-01,116.68393189565187
2021-04-02,116.53616931558848
2021-04-03,116.3885938545201
2021-04-04,116.24120527548874
2021-04-05,116.6173200284672
2021-04-06,117.06136598071177
2021-04-07,117.07729287929452
2021-04-08,117.39206301613672
2021-04-09,116.47117965488034
2021-04-10,116.32368649340357
2021-04-11,116.17638010974383
2021-04-12,116.11697849887346
2021-04-13,116.24147894814539
2021-04-14,116.22592699696177
2021-04-15,116.67314568825391
2021-04-16,116.8642652094412
2021-04-17,116.71627426446688
2021-04-18,116.5684707276772
2021-04-19,116.84905717991805
2021-04-20,116.98696139151245
2021-04-21,116.7413816418339
2021-04-22,117.17536655147562
2021-04-23,117.00174844113509
2021-04-24,116.8535833944083
2021-04-25,116.70560597633974
2021-04-26,117.1731291547519
2021-04-27,117.16909834204827
2021-04-28,117.40733105841204
2021-04-29,117.60385531392141
2021-04-30,116.86102156174015
2021-05-01,116.75783314779503
2021-05-02,116.65473337910497
2021-05-03,116.9407178965044
2021-05-04,116.7312552067534
2021-05-05,116.90884572892428
2021-05-06,117.59425189130721
2021-05-07,118.42186150724055
2021-05-08,118.31729236442521
2021-05-09,118.21281555849332
2021-05-10,118.31314781657869
2021-05-11,118.15735477075609
2021-05-12,117.40865752986099
2021-05-13,117.0477861917851
2021-05-14,117.50250563251485
2021-05-15,117.39874830142529
2021-05-16,117.29508259037138
2021-05-17,117.39197446536444
2021-05-18,117.56539988327559
2021-05-19,117.35132142486377
2021-05-20,117.21265720299385
2021-05-21,116.67451307172207
2021-05-22,116.57148687651603
2021-05-23,116.46855165573635
2021-05-24,116.36570732905057
2021-05-25,116.26295381619722
2021-05-26,116.72345150280204
2021-05-27,117.19421393542162
2021-05-28,117.374693659651
2021-05-29,117.27104918938184
2021-05-30,117.1674962394897
2021-05-31,117.29198165063065
2021-06-01,117.55003440346809
2021-06-02,118.10723701880224
2021-06-03,117.73151711925051
2021-06-04,118.07508753787539
2021-06-05,117.97017584566562
2021-06-06,117.86535736925094
2021-06-07,118.06315465201764
2021-06-08,117.99442132505237
2021-06-09,117.6833430099032
2021-06-10,117.62062655514995
2021-06-11,117.02375619215289
2021-06-12,116.91977862544627
2021-06-13,116.81589344454856
2021-06-14,117.23729429639175
2021-06-15,117.15999804437642
2021-06-16,117.15036713493932
2021-06-17,116.59984828658949
2021-06-18,115.96920301176941
2021-06-19,115.86616243321994
2021-06-20,115.7632134079497
2021-06-21,115.66035585461213
2021-06-22,116.3081552786355
2021-06-23,116.57638512254553
2021-06-24,116.92752863709433
2021-06-25,116.60011229739278
2021-06-26,116.49651114537973
2021-06-27,116.39300204472482
2021-06-28,116.49438210600822
2021-06-29,116.36291360263562
2021-06-30,115.70504820809215
2021-07-01,115.24640249831816
2021-07-02,115.34469220995045
2021-07-03,115.26709561780137
2021-07-04,115.18955122771722
2021-07-05,114.92052773832995
2021-07-06,114.03151332653837
2021-07-07,113.43555831242188
2021-07-08,113.51798531540366
2021-07-09,113.44161761577797
2021-07-10,113.36530129149631
2021-07-11,113.28903630799654
2021-07-12,113.87461879288018
2021-07-13,113.69275800961385
2021-07-14,114.39577286184392
2021-07-15,113.92852613562874
2021-07-16,114.11034020137211
2021-07-17,114.03357400295452
2021-07-18,113.9568594479657
2021-07-19,112.95676544504663
2021-07-20,112.99127714304676
2021-07-21,113.12233703816128
2021-07-22,113.14866300124629
2021-07-23,113.06734600553463
2021-07-24,112.99128146745076
2021-07-25,112.91526810076311
2021-07-26,113.18516504254976
2021-07-27,113.07487463617902
2021-07-28,112.92055562028828
2021-07-29,114.11741790965586
2021-07-30,113.28137853851972
2021-07-31,113.20517001292458
2021-08-01,113.139047550893
2021-08-02,113.4806351854573
2021-08-03,112.62244465149836
2021-08-04,112.8745930581656
2021-08-05,112.85367384618561
2021-08-06,112.23481575484246
2021-08-07,112.16926007092339
2021-08-08,112.10374267768677
2021-08-09,112.20044902737314
2021-08-10,112.24420339182987
2021-08-11,112.26943592198202
2021-08-12,112.17965964023777
2021-08-13,112.20928653482424
2021-08-14,112.14374576236972
2021-08-15,112.07824327188798
2021-08-16,112.01277904101876
2021-08-17,111.55052263555412
2021-08-18,111.0993038175472
2021-08-19,110.51132780217901
2021-08-20,110.50012936865
2021-08-21,110.43558690466328
2021-08-22,110.3710821395434
2021-08-23,110.75418984165599
2021-08-24,111.58731708434281
2021-08-25,111.72665516363966
2021-08-26,111.55586823121853
2021-08-27,111.99161921055915
2021-08-28,111.92620557628554
2021-08-29,111.86083014972405
2021-08-30,112.10697461794183
2021-08-31,112.36457234037633
2021-09-01,112.39841595274747
2021-09-02,112.37467622492817
2021-09-03,112.28659897538067
2021-09-04,112.15555738815175
2021-09-05,112.0246687301035
2021-09-06,111.97193633972454
2021-09-07,111.7337452379622
2021-09-08,110.75927779000953
2021-09-09,110.62041441520518
2021-09-10,110.90609523315847
2021-09-11,110.77666473223195
2021-09-12,110.64738528030358
2021-09-13,110.75604401452159
2021-09-14,110.64083022577782
2021-09-15,110.49811783859724
2021-09-16,110.12761789617993
2021-09-17,109.75608692709689
2021-09-18,109.62799851788152
2021-09-19,109.50005959140586
2021-09-20,109.13879642316884
2021-09-21,109.49469070496676
2021-09-22,109.41919798722147
2021-09-23,109.2577988828507
2021-09-24,108.71693815686636
2021-09-25,108.59006246319728
2021-09-26,108.46333483699513
2021-09-27,108.26592277487322
2021-09-28,107.52497535206489
2021-09-29,107.19956334113772
2021-09-30,107.07409819460723
2021-10-01,107.73043175240666
2021-10-02,107.6303092852291
2021-10-03,107.5302798698315
2021-10-04,107.04396364797833
2021-10-05,106.75704766407324
2021-10-06,106.31326468666882
2021-10-07,106.3067386618014
2021-10-08,106.20793934596013
2021-10-09,106.10923185218897
2021-10-10,106.0106160951504
2021-10-11,105.91209198958609
2021-10-12,105.53870581977394
2021-10-13,105.6686063239507
2021-10-14,105.7039601975128
2021-10-15,106.0812406806675
2021-10-16,105.98265093805314
2021-10-17,105.88415282273577
2021-10-18,105.57689131640065
2021-10-19,105.42902569989847
2021-10-20,105.51614240163498
2021-10-21,104.60897551780369
2021-10-22,104.66155624592392
2021-10-23,104.56428592908283
2021-10-24,104.4671060132913
2021-10-25,105.1242785600202
2021-10-26,104.94291272443282
2021-10-27,105.0181390133404
2021-10-28,104.87855094199259
2021-10-29,104.20796543075433
2021-10-30,104.11111667197035
2021-10-31,104.01435792244853
2021-11-01,103.94797518775654
2021-11-02,103.85163307440288
2021-11-03,104.2704750130556
2021-11-04,104.13618369948958
2021-11-05,104.69911621014076
2021-11-06,104.62916193661795
2021-11-07,104.55925440274838
2021-11-08,104.63053572607454
2021-11-09,105.07745439581568
2021-11-10,104.78012650519814
2021-11-11,105.01573647637473
2021-11-12,104.671844319499
2021-11-13,104.60190826757507
2021-11-14,104.53201894312969
2021-11-15,104.407050752178
2021-11-16,103.92329739950293
2021-11-17,103.83872392448228
2021-11-18,103.52330341701743
2021-11-19,103.25560480683083
2021-11-20,103.18661500937235
2021-11-21,103.11767130715648
2021-11-22,103.04877366938487
2021-11-23,102.67921394451294
2021-11-24,102.78212015646993
2021-11-25,102.95759973298448
2021-11-26,103.05442209514177
2021-11-27,102.98556671706474
2021-11-28,102.91675734441861
2021-11-29,102.7426713475845
2021-11-30,102.76691446153816
2021-12-01,102.63856741959947
2021-12-02,102.60013018327632
2021-12-03,102.47470317489822
2021-12-04,102.36990931833765
2021-12-05,102.26522262727286
2021-12-06,101.96969308988861
2021-12-07,102.35952529309577
2021-12-08,102.25484922106203
2021-12-09,102.53530563883378
2021-12-10,102.44734322169198
2021-12-11,102.3425773442806
2021-12-12,102.23791860375269
2021-12-13,101.90621834209712
2021-12-14,101.6603157532781
2021-12-15,101.38282988383303
2021-12-16,101.76949200274443
2021-12-17,101.66552388587573
2021-12-18,101.56155752152267
2021-12-19,101.45769747644582
2021-12-20,101.14080279481095
2021-12-21,100.99902265224972
2021-12-22,101.4728827688845
2021-12-23,101.48175537384287
2021-12-24,101.3779769369538
2021-12-25,101.27430462716038
2021-12-26,101.17073833593379
2021-12-27,101.46755341965286
2021-12-28,101.39793141290245
2021-12-29,101.17870752736545
2021-12-30,101.78077661156715
2021-12-31,101.82215003411352
2022-01-01,101.71483953289933
2022-01-02,101.60764212636705
2022-01-03,101.08846716885888
2022-01-04,100.92666838079467
2022-01-05,101.0567909407739
2022-01-06,100.79385159843677
2022-01-07,101.2693295785535
2022-01-08,101.16260169556284
2022-01-09,101.05598629323194
2022-01-10,100.84105023701755
2022-01-11,101.32310688507368
2022-01-12,101.9057269483339
2022-01-13,102.04594772534183
2022-01-14,101.79048926565666
2022-01-15,101.68321213176903
2022-01-16,101.57604805739746
2022-01-17,101.91018928718411
2022-01-18,101.33646119769033
2022-01-19,102.00137153940896
2022-01-20,102.37067698580206
2022-01-21,102.11192661732433
2022-01-22,102.0043107201784
2022-01-23,101.89680823957153
2022-01-24,101.51972954115709
2022-01-25,101.70759599669492
2022-01-26,101.95457188407802
2022-01-27,101.44676606860227
2022-01-28,101.50270398949873
2022-01-29,101.39573015290166
2022-01-30,101.28886905617524
2022-01-31,102.11597679843167
2022-02-01,102.27581451779866
2022-02-02,102.29067961121257
2022-02-03,102.44968521447552
2022-02-04,102.19620852029688
2022-02-05,102.07603876245726
2022-02-06,101.95601030898607
2022-02-07,102.37367883355215
2022-02-08,102.37627794332454
2022-02-09,102.73872200156727
2022-02-10,102.81679830980133
2022-02-11,102.91143549547816
2022-02-12,102.79042472158079
2022-02-13,102.66955624097986
2022-02-14,102.49585648842543
2022-02-15,102.77129572793726
2022-02-16,103.04867697545102
2022-02-17,102.91829482445954
2022-02-18,103.04106428487361
2022-02-19,102.91990108398844
2022-02-20,102.79888035563447
2022-02-21,103.1936449274375
2022-02-22,103.50421822730065
2022-02-23,103.78017701814268
2022-02-24,102.36788562138854
2022-02-25,102.4695788075052
2022-02-26,102.34908760093779
2022-02-27,102.22873807672168
2022-02-28,102.10853006825637
2022-03-01,101.92280664899236
2022-03-02,102.0859589793901
2022-03-03,102.51580017588353
2022-03-04,102.03317087691947
2022-03-05,101.84734594044676
2022-03-06,101.66185943221961
2022-03-07,101.36682964033767
2022-03-08,101.63322258295202
2022-03-09,102.2456810401062
2022-03-10,101.61861023841732
2022-03-11,101.319583112524
2022-03-12,101.13505777695406
2022-03-13,100.95086850276947
2022-03-14,100.61237272472769
2022-03-15,100.21800568036605
2022-03-16,100.51838972725875
2022-03-17,101.25877304427311
2022-03-18,101.31093666953413
2022-03-19,101.12642708104627
2022-03-20,100.94225352526492
2022-03-21,101.26719195213809
2022-03-22,101.35525690499986
2022-03-23,101.66731155231471
2022-03-24,101.48215292646594
2022-03-25,102.12147382202623
2022-03-26,101.93548806639023
2022-03-27,101.74984103188707
2022-03-28,101.60923280714019
2022-03-29,101.93916604594595
2022-03-30,101.91939428159604
2022-03-31,102.03850464985067
2022-04-01,102.09802875472278
2022-04-02,101.9177272950635
2022-04-03,101.73774424132007
2022-04-04,102.34100736686109
2022-04-05,101.87907352093988
2022-04-06,101.42798682295091
2022-04-07,101.03149686611211
2022-04-08,101.04111662768793
2022-04-09,100.86268163696602
2022-04-10,100.68456175604273
2022-04-11,101.04701827834842
2022-04-12,101.15192202211058
2022-04-13,101.22692893473749
2022-04-14,101.04816580614069
2022-04-15,100.86971836682224
2022-04-16,100.69158605928621
2022-04-17,100.51376832702115
2022-04-18,100.81598002800622
2022-04-19,100.60981124063369
2022-04-20,101.00562848392771
2022-04-21,100.73293204874474
2022-04-22,99.23845455349647
2022-04-23,99.06320299939144
2022-04-24,98.88826093325004
2022-04-25,98.18563621023213
2022-04-26,97.51481681718145
2022-04-27,97.49754671778517
2022-04-28,96.7989409964035
2022-04-29,97.31438166850366
2022-04-30,97.14252795815608
2022-05-01,97.0068831579298
2022-05-02,96.17264136712834
2022-05-03,96.85724183593469
2022-05-04,96.71800088165634
2022-05-05,96.07483452077244
2022-05-06,95.94445255122682
2022-05-07,95.81049552154073
2022-05-08,95.67672552180089
2022-05-09,95.32252685242649
2022-05-10,95.37799793956579
2022-05-11,95.36312877122097
2022-05-12,94.90132686641294
2022-05-13,95.3776845282614
2022-05-14,95.24451881645622
2022-05-15,95.11153902976433
2022-05-16,95.38787084212757
2022-05-17,96.50715888055166
2022-05-18,96.37241620389531
2022-05-19,97.12358320084202
2022-05-20,97.16387507293265
2022-05-21,97.02821549333778
2022-05-22,96.89274532077842
2022-05-23,97.92223877469772
2022-05-24,98.02610519796072
2022-05-25,97.88924177819183
2022-05-26,97.87794597933448
2022-05-27,98.31881530156008
2022-05-28,98.18154320182072
2022-05-29,98.04446276050714
2022-05-30,98.44457069242519
2022-05-31,98.30196156832174
2022-06-01,97.69438546407491
2022-06-02,98.00643522303861
2022-06-03,98.00356341182157
2022-06-04,97.86092921682578
2022-06-05,97.71850261135914
2022-06-06,97.93023088719242
2022-06-07,97.34653738601735
2022-06-08,97.21889802901374
2022-06-09,97.06454848922323
2022-06-10,96.04314037997295
2022-06-11,95.90335938083317
2022-06-12,95.76378181868684
2022-06-13,95.03841812828581
2022-06-14,94.71902867739044
2022-06-15,95.15448017986472
2022-06-16,95.71025190883276
2022-06-17,95.57095539492441
2022-06-18,95.43186161289071
2022-06-19,95.292970267676
2022-06-20,95.15428106465414
2022-06-21,95.01677517600034
2022-06-22,95.00551389609979
2022-06-23,94.49475381297087
2022-06-24,94.48119218896362
2022-06-25,94.34368444617382
2022-06-26,94.20637683188464
2022-06-27,94.55989025917899
2022-06-28,94.24250319838163
2022-06-29,94.28236468555468
2022-06-30,94.43398319539041
2022-07-01,93.67941167939256
2022-07-02,93.47808432177037
2022-07-03,93.27718963877967
2022-07-04,93.37027237429089
2022-07-05,92.4222119108952
2022-07-06,92.06740050036508
2022-07-07,92.45285656241688
2022-07-08,92.66620354529292
2022-07-09,92.46705368337336
2022-07-10,92.26833181640761
2022-07-11,91.835191648155
2022-07-12,91.3768189648814
2022-07-13,91.534725025333
2022-07-14,90.84812112376511
2022-07-15,91.29856332118254
2022-07-16,91.10235266850398
2022-07-17,90.90656369409533
2022-07-18,91.43229864211415
2022-07-19,91.6824568830433
2022-07-20,91.11485175130892
2022-07-21,90.82924172574823
2022-07-22,90.93649126052563
2022-07-23,90.74105874052249
2022-07-24,90.54604622649656
2022-07-25,91.32800968176804
2022-07-26,91.3966891971213
2022-07-27,91.67044934985245
2022-07-28,92.33425939128294
2022-07-29,92.42427542276414
2022-07-30,92.22564549098476
2022-07-31,92.02744243677212
2022-08-01,92.35104319049618
2022-08-02,91.80408231991515
2022-08-03,91.73730411447713
2022-08-04,92.142560809216
2022-08-05,92.04196568815102
2022-08-06,91.85063711908116
2022-08-07,91.65970626665137
2022-08-08,92.50478274182107
2022-08-09,92.3985968696346
2022-08-10,93.11043430071263
2022-08-11,92.55113447265492
2022-08-12,92.9385797314444
2022-08-13,92.74538736165462
2022-08-14,92.55259658280643
2022-08-15,92.36020656010867
2022-08-16,92.04911002978437
2022-08-17,91.67319700924678
2022-08-18,91.27442676865041
2022-08-19,91.21900975023772
2022-08-20,91.02939186803584
2022-08-21,90.84016814645194
2022-08-22,90.72125670639002
2022-08-23,91.26215058154774
2022-08-24,91.05044088422677
2022-08-25,91.15994468737658
2022-08-26,91.20778727102734
2022-08-27,91.018192717107
2022-08-28,90.82899227531188
2022-08-29,91.38323888236128
2022-08-30,90.8443425492133
2022-08-31,90.39964941360749
2022-09-01,89.84922122958604
2022-09-02,89.66069707785252
2022-09-03,89.47256849277275
2022-09-04,89.28483464435776
2022-09-05,90.31975253101919
2022-09-06,89.67708429056235
2022-09-07,89.74189138874456
2022-09-08,89.96888686066585
2022-09-09,90.41695133145082
2022-09-10,90.22723595252128
2022-09-11,90.03791863971182
2022-09-12,90.93148001716294
2022-09-13,90.13131832674944
2022-09-14,90.07516938559506
2022-09-15,89.62816892242947
2022-09-16,89.43505879300511
2022-09-17,89.24740364849247
2022-09-18,89.06014224725828
2022-09-19,89.9490149789712
2022-09-20,89.8292191246683
2022-09-21,89.30606877711826
2022-09-22,89.50022451561928
2022-09-23,88.38329363445648
2022-09-24,88.19784533304853
2022-09-25,88.01278614445913
2022-09-26,87.202587312862
2022-09-27,87.29878624559403
2022-09-28,87.71627338616949
2022-09-29,87.60639465519455
2022-09-30,87.79134731759886
2022-10-01,87.62327516780081
2022-10-02,87.45539861404353
2022-10-03,88.8660234004999
2022-10-04,89.22287815639946
2022-10-05,88.91366016215164
2022-10-06,88.83329867218944
2022-10-07,88.66310384654044
2022-10-08,88.4932350954503
2022-10-09,88.32369179419605
2022-10-10,88.15447331925168
2022-10-11,88.5520859476133
2022-10-12,87.93777281147412
2022-10-13,88.47431659223376
2022-10-14,87.79522247681354
2022-10-15,87.62701649093209
2022-10-16,87.45913276921134
2022-10-17,88.1024352803164
2022-10-18,88.20856662474144
2022-10-19,87.90716658417246
2022-10-20,88.3837969806696
2022-10-21,88.5766559102613
2022-10-22,88.4069527839049
2022-10-23,88.2375747900657
2022-10-24,88.05783627512191
2022-10-25,88.15776369925842
2022-10-26,88.50769017044242
2022-10-27,88.45463927709082
2022-10-28,89.2071186526652
2022-10-29,89.03620762906621
2022-10-30,88.86562405218254
2022-10-31,88.71571164313542
2022-11-01,89.22815946418068
2022-11-02,89.1202616905925
2022-11-03,88.91471810367891
2022-11-04,90.13756301889613
2022-11-05,89.99341954876444
2022-11-06,89.84950658564101
2022-11-07,89.9964778803468
2022-11-08,90.00094935176968
2022-11-09,89.90152541157278
2022-11-10,89.45727631536062
2022-11-11,90.05532303088404
2022-11-12,89.91131107481661
2022-11-13,89.76752941544673
2022-11-14,90.52992528731603
2022-11-15,90.69390453477868
2022-11-16,90.35515816050818
2022-11-17,89.60248886518879
2022-11-18,90.2684910231736
2022-11-19,90.12413817954385
2022-11-20,89.980016177742
2022-11-21,89.83612464861726
2022-11-22,90.26192625365529
2022-11-23,90.29284138221873
2022-11-24,90.82187103530256
2022-11-25,90.47626543530085
2022-11-26,90.33158032925172
2022-11-27,90.1871265963678
2022-11-28,90.58518396707392
2022-11-29,91.07154274621008
2022-11-30,91.494520970391
2022-12-01,92.48190328735767
2022-12-02,92.59402313239573
2022-12-03,92.4559650115896
2022-12-04,92.31811273608618
2022-12-05,92.63976577523432
2022-12-06,92.60532189657187
2022-12-07,93.16765853300058
2022-12-08,93.02874511913389
2022-12-09,92.89003882581582
2022-12-10,92.7515393442287
2022-12-11,92.6132463660153
2022-12-12,92.66358188199419
2022-12-13,93.3316144346454
2022-12-14,93.11434199486067
2022-12-15,92.96272701574641
2022-12-16,93.10366397980465
2022-12-17,92.96484598211553
2022-12-18,92.82623496270914
2022-12-19,93.0031237013369
2022-12-20,93.71995871128826
2022-12-21,93.90027667064835
2022-12-22,93.84933818666921
2022-12-23,94.05386362703753
2022-12-24,93.91362887723798
2022-12-25,93.77360321810508
2022-12-26,93.90641542689356
2022-12-27,93.52787449717285
2022-12-28,93.79415707543343
2022-12-29,93.75444345089879
2022-12-30,94.08481792326944
2022-12-31,93.94453702046968
2023-01-01,93.78299051377728
2023-01-02,93.68088928338271
2023-01-03,92.94553088960458
2023-01-04,93.08198544205388
2023-01-05,93.3749462234875
2023-01-06,94.4382562113329
2023-01-07,94.27586070784834
2023-01-08,94.11374445877414
2023-01-09,94.7871869635236
2023-01-10,94.93869918677841
2023-01-11,95.28986088374633
2023-01-12,96.09288612449859
2023-01-13,96.16397465219289
2023-01-14,95.9986116128143
2023-01-15,95.8335329308044
2023-01-16,95.79248008795211
2023-01-17,95.80294427077305
2023-01-18,95.55953711093626
2023-01-19,95.2125832321426
2023-01-20,95.43918373082626
2023-01-21,95.27506703791063
2023-01-22,95.11123255915317
2023-01-23,95.39361387292955
2023-01-24,95.6713504345377
2023-01-25,96.07623340294239
2023-01-26,96.03597106178596
2023-01-27,95.91090126612015
2023-01-28,95.74597341033767
2023-01-29,95.58132916358458
2023-01-30,95.86781076059656
2023-01-31,96.22181022703887
2023-02-01,96.23772744005623
2023-02-02,96.79047887250249
2023-02-03,95.71541905661407
2023-02-04,95.52683205334158
2023-02-05,95.33861662090013
2023-02-06,94.90273462477063
2023-02-07,95.42071881343347
2023-02-08,94.96999684530864
2023-02-09,94.89150137274329
2023-02-10,94.6400474524975
2023-02-11,94.45357924168522
2023-02-12,94.26747842707127
2023-02-13,95.06909478474536
2023-02-14,94.86654605906585
2023-02-15,94.53715218619374
2023-02-16,94.6166789129468
2023-02-17,94.90870868641854
2023-02-18,94.72171113542784
2023-02-19,94.53508202358842
2023-02-20,94.3488206249688
2023-02-21,94.16292621506777
2023-02-22,94.56221594414713
2023-02-23,94.66163805032028
2023-02-24,93.98763470258046
2023-02-25,93.80245193320089
2023-02-26,93.61763402732896
2023-02-27,94.10149656010898
2023-02-28,94.02708844933504
2023-03-01,94.52114336368543
2023-03-02,94.0826497640751
2023-03-03,94.23645819622891
2023-03-04,94.01171635518818
2023-03-05,93.78751049455336
2023-03-06,94.28262122236659
2023-03-07,93.75871917809175
2023-03-08,93.93383739648743
2023-03-09,93.90147821954683
2023-03-10,93.92050917381897
2023-03-11,93.6965208305893
2023-03-12,93.47306667077008
2023-03-13,93.76834883301906
2023-03-14,93.54386690252738
2023-03-15,92.7136687575525
2023-03-16,92.95317302526492
2023-03-17,93.10462138147498
2023-03-18,92.88257882576794
2023-03-19,92.66106581301815
2023-03-20,93.25036192033866
2023-03-21,93.33908205090694
2023-03-22,93.40050871271183
2023-03-23,93.54455522858494
2023-03-24,93.3214634871951
2023-03-25,93.09890379093557
2023-03-26,92.8768748709471
2023-03-27,93.37692836184465
2023-03-28,93.7964601301314
2023-03-29,93.9090122843605
2023-03-30,94.12449507082425
2023-03-31,94.22978763155339
2023-04-01,93.98422589081837
2023-04-02,93.73930408115001
2023-04-03,94.12171099018781
2023-04-04,94.09322157546566
2023-04-05,94.09592782333617
2023-04-06,93.85071491971888
2023-04-07,93.60614103810273
2023-04-08,93.36220451320384
2023-04-09,93.11890368407786
2023-04-10,93.62448929862813
2023-04-11,94.02730813219294
2023-04-12,94.61531693753012
2023-04-13,94.88403246694607
2023-04-14,94.5568255891551
2023-04-15,94.31041159127109
2023-04-16,94.0646397454261
2023-04-17,94.17814045084634
2023-04-18,94.0299979821757
2023-04-19,93.49011092533593
2023-04-20,93.63817468438427
2023-04-21,93.53032016676593
2023-04-22,93.28658123018401
2023-04-23,93.04347747446218
2023-04-24,93.59377644817256
2023-04-25,93.24696506141913
2023-04-26,93.57354709356183
2023-04-27,93.87091988732482
2023-04-28,93.92299794086306
2023-04-29,93.67823569052678
2023-04-30,93.43411128779444
2023-05-01,93.21513364000126
2023-05-02,93.35453341701592
2023-05-03,93.85123188313045
2023-05-04,93.83954501437319
2023-05-05,94.20042419528208
2023-05-06,93.97963950536528
2023-05-07,93.75937228529769
2023-05-08,93.77857388253416
2023-05-09,93.70362287387817
2023-05-10,93.7778807219768
2023-05-11,93.67659267880009
2023-05-12,93.53438382572531
2023-05-13,93.31516018521695
2023-05-14,93.09645035580772
2023-05-15,93.61539432010511
2023-05-16,93.30359226019273
2023-05-17,93.25010640512993
2023-05-18,92.64504853393981
2023-05-19,92.74372877178037
2023-05-20,92.52635824958236
2023-05-21,92.30949719518928
2023-05-22,92.84242479851706
2023-05-23,92.66539860523856
2023-05-24,92.78173138556613
2023-05-25,92.5642717937554
2023-05-26,92.34732187850882
2023-05-27,92.13088044525875
2023-05-28,91.91494630223728
2023-05-29,92.2428219726885
2023-05-30,92.01389942935639
2023-05-31,91.73702899527964
2023-06-01,92.41395804768212
2023-06-02,92.70642254549281
2023-06-03,92.53395011293067
2023-06-04,92.36179855069417
2023-06-05,93.08638059144776
2023-06-06,93.15989203848062
2023-06-07,93.02366318140713
2023-06-08,93.39201130008679
2023-06-09,93.61703773760125
2023-06-10,93.44287118274423
2023-06-11,93.26902864998365
2023-06-12,93.71975695831239
2023-06-13,93.75333989205008
2023-06-14,94.1612507324056
2023-06-15,94.69795421106346
2023-06-16,94.79326053618001
2023-06-17,94.61690571861438
2023-06-18,94.44087899422226
2023-06-19,94.26517975261413
2023-06-20,94.0898073845361
2023-06-21,95.02466296241506
2023-06-22,95.04132900658159
2023-06-23,94.90346709506514
2023-06-24,94.72690724754823
2023-06-25,94.55067587464569
2023-06-26,94.84431126963179
2023-06-27,94.90073654795759
2023-06-28,94.5298081560914
2023-06-29,94.28161590758114
2023-06-30,94.76110320572337
2023-07-01,94.5921518239129
2023-07-02,94.42342363419813
2023-07-03,94.67014510311093
2023-07-04,94.86279570379882
2023-07-05,94.58678502063046
2023-07-06,94.24584359964649
2023-07-07,94.91029625739232
2023-07-08,94.74100057943153
2023-07-09,94.57200688163206
2023-07-10,94.88588205861065
2023-07-11,95.114458637365
2023-07-12,95.98290759031379
2023-07-13,96.26695748407467
2023-07-14,96.3361681039703
2023-07-15,96.16432903556115
2023-07-16,95.99279648407094
2023-07-17,96.33163883015621
2023-07-18,96.35675596313223
2023-07-19,96.27871556565944
2023-07-20,96.29904978561937
2023-07-21,96.49611412710897
2023-07-22,96.3239897559298
2023-07-23,96.15217241057672
2023-07-24,96.68816177484833
2023-07-25,96.73223743734786
2023-07-26,96.97963352939556
2023-07-27,96.97986795565711
2023-07-28,97.03747950724474
2023-07-29,96.86438947878003
2023-07-30,96.69160819862687
2023-07-31,96.94859893075025
2023-08-01,96.32681825620399
2023-08-02,96.22197397020147
2023-08-03,95.67086874643643
2023-08-04,96.0609115334722
2023-08-05,95.71531022025935
2023-08-06,95.37095228758278
2023-08-07,95.9646745252028
2023-08-08,95.8060006068584
2023-08-09,95.7556904293432
2023-08-10,95.9956993094257
2023-08-11,95.71458540590349
2023-08-12,95.37023008091394
2023-08-13,95.02711365373027
2023-08-14,114.81448698696451
2023-08-15,114.04885860236365
2023-08-16,113.58793040873437
2023-08-17,113.09033381269562
2023-08-18,112.8900838893053
2023-08-19,112.48393574207212
2023-08-20,112.07924880659303
2023-08-21,111.67601782582138
2023-08-22,111.38636142496728
2023-08-23,111.63890586057059
2023-08-24,111.11610306656911
2023-08-25,110.63935800393297
2023-08-26,110.24130736284718
2023-08-27,109.84468880086717
2023-08-28,109.20423966535301
2023-08-29,109.20951881146912
2023-08-30,108.953842547482
2023-08-31,107.91361155151024
2023-09-01,107.37111350869245
2023-09-02,106.92994309894286
2023-09-03,106.49058538652008
2023-09-04,106.08980465646118
2023-09-05,105.00383302418544
2023-09-06,104.49597176735756
2023-09-07,103.87338196892321
2023-09-08,103.38065592421097
2023-09-09,102.95588165444825
2023-09-10,102.53285271294482
2023-09-11,102.66003145442342
2023-09-12,102.23821811318439
2023-09-13,102.04971172771191
2023-09-14,101.61192025784555
2023-09-15,101.3291240752204
2023-09-16,100.91277921553694
2023-09-17,100.49814504904036
2023-09-18,100.1862075412081
2023-09-19,99.6020576523721
2023-09-20,99.3676567814703
2023-09-21,98.37339598051035
2023-09-22,97.93876824288891
2023-09-23,97.53635380287669
2023-09-24,97.13559281822683
2023-09-25,96.31768357586253
2023-09-26,95.75442017743607
2023-09-27,94.60937911803288
2023-09-28,94.54468864064157
2023-09-29,94.40281804350208
2023-09-30,94.01493224669142
2023-10-01,93.7658384626484
2023-10-02,93.0217944111533
2023-10-03,92.32979861845781
2023-10-04,92.00048990630843
2023-10-05,91.73098999610758
2023-10-06,91.63325397399362
2023-10-07,91.39059706969174
2023-10-08,91.14858275277656
2023-10-09,90.99964053491951
2023-10-10,91.08876484738381
2023-10-11,90.93319162817478
2023-10-12,90.5038189228027
2023-10-13,90.26415291101252
2023-10-14,90.02512156633242
2023-10-15,89.78672320808042
2023-10-16,89.54895616002531
2023-10-17,89.46930201153289
2023-10-18,89.12817427129855
2023-10-19,89.02327990459375
2023-10-20,88.7592312605596
2023-10-21,88.52418514627435
2023-10-22,88.28976146500315
2023-10-23,88.30990873178855
2023-10-24,87.9974939760712
2023-10-25,87.73682616270759
2023-10-26,87.4658435019055
2023-10-27,87.28351500103587
2023-10-28,87.05237677743042
2023-10-29,86.82185063823069
2023-10-30,86.47887826177327
2023-10-31,86.21587282418089
2023-11-01,86.08953906910838
2023-11-02,86.16045445042604
2023-11-03,86.46647955052117
2023-11-04,86.11386226751966
2023-11-05,85.76268298626076
2023-11-06,85.4129358424573
2023-11-07,85.01800099714309
2023-11-08,84.48404114755029
2023-11-09,84.09220161568676
2023-11-10,83.67534172735078
2023-11-11,83.33410692968702
2023-11-12,82.99426371507187
2023-11-13,82.626116060791
2023-11-14,83.04596713791143
2023-11-15,83.41478599561808
2023-11-16,83.24619073831556
2023-11-17,83.02309242715515
2023-11-18,82.6845175547858
2023-11-19,82.34732341807502
2023-11-20,82.01150438627135
2023-11-21,82.39881406644797
2023-11-22,81.98661600820128
2023-11-23,81.90121608283614
2023-11-24,81.79570221282115
2023-11-25,81.46213273681823
2023-11-26,81.12992358406346
2023-11-27,81.07214614789002
2023-11-28,81.17743814414547
2023-11-29,80.8686414728124
2023-11-30,80.30443635354642
2023-12-01,80.1804483229977
2023-12-02,79.608437677899
2023-12-03,79.04050778047569
2023-12-04,78.26844869448401
2023-12-05,77.81464875139237
2023-12-06,77.50240752512396
2023-12-07,81.53888948874176
2023-12-08,80.95718766800364
2023-12-09,80.37963573219002
2023-12-10,79.80620407584969
2023-12-11,74.90560738775542
2023-12-12,74.4709894238582
2023-12-13,161.34095346378956
2023-12-14,162.20185325681717
2023-12-15,160.43527784318374
2023-12-16,159.29072591443946
2023-12-17,158.15433926664338
2023-12-18,157.36797009853953
2023-12-19,157.27486062738046
2023-12-20,155.76525153728286
2023-12-21,154.85851750507987
2023-12-22,154.28588786524554
2023-12-23,153.1852059397479
2023-12-24,152.09237632477505
2023-12-25,151.00734300161795
2023-12-26,150.6181895564266
2023-12-27,149.87404248864345
2023-12-28,148.73158030532915
2023-12-29,147.81978279658173
2023-12-30,146.76523033292867
2023-12-31,145.71820109030574
2024-01-01,144.85231581253638
2024-01-02,143.37244411807
2024-01-03,142.30836661843153
2024-01-04,141.63182611885955
2024-01-05,141.2300882486442
2024-01-06,140.3908721913667
2024-01-07,139.55664291558548
2024-01-08,139.00847963725252
2024-01-09,137.84419586798202
2024-01-10,137.21565136985083
2024-01-11,136.46392871011474
2024-01-12,136.07767331785382
2024-01-13,135.2690738904836
2024-01-14,134.4652793147691
2024-01-15,133.83100188598627
2024-01-16,132.21153519372044
2024-01-17,131.40105950046146
2024-01-18,130.63906736249695
2024-01-19,130.23302428530098
2024-01-20,129.45915487458726
2024-01-21,128.68988394316187
2024-01-22,127.77521246024477
2024-01-23,127.08919207017917
2024-01-24,127.100103897761
2024-01-25,126.11590086038103
2024-01-26,125.54512532565137
2024-01-27,124.7991123025574
2024-01-28,124.05753223079617
2024-01-29,123.13559043247726
2024-01-30,122.46923650284688
2024-01-31,122.12106889005074
2024-02-01,121.91228282325139
2024-02-02,120.71153406831041
2024-02-03,120.24363896252856
2024-02-04,119.77755748484533
2024-02-05,119.28017394696117
2024-02-06,119.23479217276176
2024-02-07,118.79004024638442
2024-02-08,118.12430995067935
2024-02-09,118.07662667303538
2024-02-10,117.61894484375568
2024-02-11,117.16303705445961
2024-02-12,116.70889642871545
2024-02-13,116.25651611674546
2024-02-14,115.93912001550073
2024-02-15,115.59906135651654
2024-02-16,115.27161982999958
2024-02-17,114.82481060691836
2024-02-18,114.37973328004996
2024-02-19,114.24480630834115
2024-02-20,114.19287287596917
2024-02-21,113.73301779088452
2024-02-22,113.27593867438024
2024-02-23,112.6792918599782
2024-02-24,112.24253086947986
2024-02-25,111.80746282681315
2024-02-26,111.56819691784148
2024-02-27,111.56021221790895
2024-02-28,111.03142151500028
2024-02-29,110.58774776025216
2024-03-01,110.45543310513398
2024-03-02,110.07402033330436
2024-03-03,109.69414970676938
2024-03-04,109.5558207964221
2024-03-05,109.26285590723303
2024-03-06,109.14204104699753
2024-03-07,108.96045041048887
2024-03-08,108.50158888788457
2024-03-09,108.12714479629892
2024-03-10,107.75399292890246
2024-03-11,107.60414179068427
2024-03-12,107.24770938066825
2024-03-13,107.18583401294552
2024-03-14,106.62472105057515
2024-03-15,106.2222295009924
2024-03-16,105.85565158596484
2024-03-17,105.49033874858078
2024-03-18,105.13910848199528
2024-03-19,104.76699288638267
2024-03-20,104.58749164137498
2024-03-21,104.39856536001926
2024-03-22,103.76298652053697
2024-03-23,103.4048955688179
2024-03-24,103.0480404058324
2024-03-25,103.12230653297463
2024-03-26,102.78474560693958
2024-03-27,102.60960371009962
2024-03-28,102.25549313676147
2024-03-29,101.90260461568369
2024-03-30,101.5509339295064
2024-03-31,101.20047687542402
2024-04-01,100.92231147906863
2024-04-02,100.64491066396937
2024-04-03,100.37014451948836
2024-04-04,100.33419730014958
2024-04-05,99.8511610951842
2024-04-06,99.5767045050559
2024-04-07,99.30300230194767
2024-04-08,99.48694092345082
2024-04-09,99.37857591877045
2024-04-10,98.52898541619129
2024-04-11,98.23034334139228
2024-04-12,97.54577091856113
2024-04-13,97.27765105521549
2024-04-14,97.01026816140163
2024-04-15,96.47869068299705
2024-04-16,95.7737236205992
2024-04-17,95.93031576241104
2024-04-18,95.50234481796761
2024-04-19,95.82127772399693
2024-04-20,95.55789790089406
2024-04-21,95.29524201857829
2024-04-22,95.19452898540686
2024-04-23,95.3848512686408
2024-04-24,94.99721199810158
2024-04-25,94.85426164233212
2024-04-26,94.8394173624178
2024-04-27,94.57873633664354
2024-04-28,94.3187718335883
2024-04-29,94.40285206851303
2024-04-30,93.54587363032718
2024-05-01,93.43208025728102
2024-05-02,94.11435024735916
2024-05-03,94.35091187006812
2024-05-04,94.23612418499847
2024-05-05,94.12147615107138
2024-05-06,94.34430695099158
2024-05-07,94.10492785253818
2024-05-08,93.92521224797954
2024-05-09,93.62620113481626
2024-05-10,93.59151504577005
2024-05-11,93.47765124582014
2024-05-12,93.36392597301055
2024-05-13,93.41025620615841
2024-05-14,93.56012194913913
2024-05-15,93.72940306149955
2024-05-16,93.66128717446314
2024-05-17,93.77534600761794
2024-05-18,93.66125855820734
2024-05-19,93.54730990802986
2024-05-20,93.60732240819748
2024-05-21,93.48826033847843
2024-05-22,93.11318012934387
2024-05-23,92.94818767883848
2024-05-24,93.01307616061862
2024-05-25,92.89991609165831
2024-05-26,92.78689369367649
2024-05-27,92.89898420581005
2024-05-28,92.83624183708748
2024-05-29,92.32202434174873
2024-05-30,92.35099908864662
2024-05-31,92.16937390540483
2024-06-01,92.03939143164335
2024-06-02,91.9095922665317
2024-06-03,92.0962490249461
2024-06-04,91.62516167495785
2024-06-05,91.52189007500641
2024-06-06,91.66887246228359
2024-06-07,91.0957070711762
2024-06-08,90.96723874322254
2024-06-09,90.83895158858448
2024-06-10,90.57305641375993
2024-06-11,90.34430565389346
2024-06-12,90.30186900892402
2024-06-13,90.08962087978975
2024-06-14,89.91434032593824
2024-06-15,89.78753802830963
2024-06-16,89.66091455446623
2024-06-17,89.53446965222065
2024-06-18,89.46832613170476
2024-06-19,89.33227533231894
2024-06-20,89.20629389572645
2024-06-21,89.08049012529442
2024-06-22,88.95486377046797
2024-06-23,88.82941458104561
2024-06-24,89.15823983992968
2024-06-25,88.769756045507
2024-06-26,88.39645046979254
2024-06-27,88.30355009010606
2024-06-28,88.00691307238114
2024-06-29,87.88280073674784
2024-06-30,87.75886343136293
2024-07-01,87.6897680728755
2024-07-02,87.25874706328884
2024-07-03,87.94412901840269
2024-07-04,88.38207108492159
2024-07-05,88.61710066934201
2024-07-06,88.52466157630168
2024-07-07,88.43231890918659
2024-07-08,88.39213466846194
2024-07-09,88.29993024404574
2024-07-10,88.58830054765608
2024-07-11,88.58402843800563
2024-07-12,88.85486896811396
2024-07-13,88.76218185199765
2024-07-14,88.66959142052673
2024-07-15,88.51523602128012
2024-07-16,88.55160061675144
2024-07-17,88.3670181413967
2024-07-18,87.84312924830073
2024-07-19,87.80382915349011
2024-07-20,87.7122384077863
2024-07-21,87.62074320307175
2024-07-22,87.59252645417645
2024-07-23,87.26861590344876
2024-07-24,87.0848694576842
2024-07-25,87.25041581784822
2024-07-26,87.12999158426497
2024-07-27,87.0391037382643
2024-07-28,86.94831070003765
2024-07-29,86.93372317702011
2024-07-30,86.94949283681909
2024-07-31,86.75209607657003
2024-08-01,86.36125329084258
2024-08-02,86.84937886734528
2024-08-03,86.74413167083954
2024-08-04,86.63901201666646
2024-08-05,86.6682818081592
2024-08-06,86.93440260534287
2024-08-07,86.92577353527298
2024-08-08,87.0087783227174
2024-08-09,87.54640557325939
2024-08-10,87.4403136947577
2024-08-11,87.33435038220468
2024-08-12,87.23966499398034
2024-08-13,87.57427452598806
2024-08-14,87.573148472891
2024-08-15,87.3435042118974
2024-08-16,87.60589712579645
2024-08-17,87.49973315329473
2024-08-18,87.39369783410777
2024-08-19,87.92815443154943
2024-08-20,87.47044941469163
2024-08-21,87.42825760884912
2024-08-22,86.80544309437052
2024-08-23,87.69391872089095
2024-08-24,87.58764808065904
2024-08-25,87.48150622300562
2024-08-26,87.55023587953673
2024-08-27,87.3006389018418
2024-08-28,86.79084276506572
2024-08-29,86.47327886485868
2024-08-30,86.40851453893885
2024-08-31,86.30380159765988
2024-09-01,86.19505471387652
2024-09-02,86.15469405949148
2024-09-03,85.84634223328433
2024-09-04,85.92613831392048
2024-09-05,86.19905663187734
2024-09-06,86.32984602480343
2024-09-07,86.22106632380647
2024-09-08,86.11242369039265
2024-09-09,85.96191918349305
2024-09-10,85.38908813774711
2024-09-11,85.42271546928826
2024-09-12,85.61610164562217
2024-09-13,86.21236777472528
2024-09-14,86.10373610189592
2024-09-15,85.99524131012721
2024-09-16,86.18644437926619
2024-09-17,86.1167506917242
2024-09-18,86.4952123353931
2024-09-19,86.4428280304151
2024-09-20,86.09575761485904
2024-09-21,85.98727287636244
2024-09-22,85.87892483378228
2024-09-23,85.66577324966345
2024-09-24,86.09184013070097
2024-09-25,86.06392736811203
2024-09-26,86.21792735069106
2024-09-27,86.28563091253318
2024-09-28,86.176906924675
2024-09-29,86.06831993419877
2024-09-30,85.89288525243343
2024-10-01,85.6138356941803
2024-10-02,85.62200772756809
2024-10-03,85.41927687476549
2024-10-04,85.43387008163916
2024-10-05,85.36110505623947
2024-10-06,85.28840200566212
2024-10-07,85.27226060948907
2024-10-08,84.8243363420257
2024-10-09,84.36794443526748
2024-10-10,84.5631372508646
2024-10-11,84.49111383879092
2024-10-12,84.41915176989889
2024-10-13,84.34725099194179
2024-10-14,84.36153954665187
2024-10-15,83.804328923088
2024-10-16,83.73316236039331
2024-10-17,83.50227516437376
2024-10-18,83.71308335010895
2024-10-19,83.64178393887501
2024-10-20,83.57054525418272
2024-10-21,83.27940369971044
2024-10-22,83.21560987801824
2024-10-23,83.1240700376581
2024-10-24,83.27649752515234
2024-10-25,83.24283001484551
2024-10-26,83.17193112387187
2024-10-27,83.10109261831211
2024-10-28,83.14029373256483
2024-10-29,82.80913468952235
2024-10-30,82.85106409062006
2024-10-31,82.90793022768462
2024-11-01,82.52558514218893
2024-11-02,82.45687237576823
2024-11-03,82.3882168212323
2024-11-04,82.83920330028045
2024-11-05,83.03638324046948
2024-11-06,82.96724517139438
2024-11-07,82.84962513921424
2024-11-08,82.34168814993009
2024-11-09,82.27312850052219
2024-11-10,82.2046259355102
2024-11-11,81.99078181975267
2024-11-12,81.70458819644031
2024-11-13,81.55475849734066
2024-11-14,81.6397993012531
2024-11-15,81.7135551630154
2024-11-16,81.64551851208289
2024-11-17,81.57753851008528
2024-11-18,81.50961510985539
2024-11-19,81.63867940199782
2024-11-20,81.53519064660053
2024-11-21,81.37008703518259
2024-11-22,81.23874664843785
2024-11-23,81.17110533437571
2024-11-24,81.10352034008163
2024-11-25,81.25243615377211
2024-11-26,81.12992825968843
2024-11-27,81.02770643559344
2024-11-28,80.59927143165068
2024-11-29,80.66872865401331
2024-11-30,80.60156195050058
2024-12-01,80.5453482631896
2024-12-02,80.19809708911397
2024-12-03,80.12346972099398
2024-12-04,80.3404099050894
2024-12-05,80.5354379843231
2024-12-06,80.180357182327
2024-12-07,80.1243954021161
2024-12-08,80.06847268035975
2024-12-09,80.15405675491519
2024-12-10,80.09765685648004
2024-12-11,80.20359200714238
2024-12-12,80.17596499192649
2024-12-13,80.16883666419118
2024-12-14,80.11288292471146
2024-12-15,80.05696823807438
2024-12-16,79.96788850828037
2024-12-17,79.73886538493642
2024-12-18,79.29401823076253
2024-12-19,79.28786645007399
2024-12-20,79.68525315604306
2024-12-21,79.62963693306924
2024-12-22,79.57405952736882
2024-12-23,79.33581417489097
2024-12-24,79.28044184241787
2024-12-25,79.22510815699509
2024-12-26,79.328694632315
2024-12-27,79.34268048485488
2024-12-28,79.2873033600493
2024-12-29,79.23196488563886
2024-12-30,79.20444522140235
2024-12-31,79.14916457772634
2025-01-01,79.1000326573514
2025-01-02,78.87379513512319
2025-01-03,78.95963907865831
2025-01-04,78.91062480641999
2025-01-05,78.86164095983852
2025-01-06,79.26153836697229
2025-01-07,79.43164598085983
2025-01-08,79.1035427355006
2025-01-09,79.29231069628842
2025-01-10,79.14017212948224
2025-01-11,79.09104579117823
2025-01-12,79.04194994809617
2025-01-13,79.01291171456289
2025-01-14,79.31712733728648
2025-01-15,79.43190439922691
2025-01-16,79.30612299317377
2025-01-17,79.41066844385571
2025-01-18,79.36137419470323
2025-01-19,79.31211054500353
2025-01-20,79.80487263142058
2025-01-21,79.91869116249721
2025-01-22,80.38444184364361
2025-01-23,80.63254150641212
2025-01-24,80.82866620072959
2025-01-25,80.77849172809964
2025-01-26,80.72834840132204
2025-01-27,80.63490696439023
2025-01-28,80.6874227166275
2025-01-29,80.64417278319603
2025-01-30,80.67851396075261
2025-01-31,80.89042593683527
2025-02-01,80.84919649936188
2025-02-02,80.80798807632247
2025-02-03,80.57016976878533
2025-02-04,81.00815099260964
2025-02-05,81.03183811295487
2025-02-06,80.99373577401991
2025-02-07,80.83242769666892
2025-02-08,80.7912278206027
2025-02-09,80.75004894390312
2025-02-10,80.71644414943977
2025-02-11,80.78834802693284
2025-02-12,80.95475211029934
2025-02-13,80.99508737288333
2025-02-14,81.49466828984464
2025-02-15,81.45313087312618
2025-02-16,81.41161462781716
2025-02-17,81.41222253384814
2025-02-18,81.31974318630927
2025-02-19,81.15059381294506
2025-02-20,81.47679278671693
2025-02-21,81.42625608957997
2025-02-22,81.384753542211
2025-02-23,81.34327214847876
2025-02-24,81.20312153997331
2025-02-25,81.14049248046835
2025-02-26,80.98607825959456
2025-02-27,80.56144815819223
2025-02-28,80.38917793343742
2025-03-01,80.29349962657572
2025-03-02,80.19793519497236
2025-03-03,80.10248450309422
2025-03-04,80.00669061162301
2025-03-05,81.12496538820405
2025-03-06,81.1643769028673
2025-03-07,81.20152058787494
2025-03-08,81.1044123683391
2025-03-09,81.00742027971106
2025-03-10,80.54615687695421
2025-03-11,80.78167014023187
2025-03-12,80.73847231582198
2025-03-13,80.58221957193939
2025-03-14,81.04758712684388
2025-03-15,80.95066299504701
2025-03-16,80.85385477400897
2025-03-17,81.01807727596773
2025-03-18,81.15444179266544
2025-03-19,81.0227326006638
2025-03-20,80.75673714962535
2025-03-21,80.52650640001143
2025-03-22,80.43020542429899
2025-03-23,80.33401961411822
2025-03-24,80.23794883174361
2025-03-25,80.25615223857191
2025-03-26,79.84117224409253
2025-03-27,79.77255743785021
2025-03-28,79.7524173068651
2025-03-29,79.65704205782689
2025-03-30,79.56178086725157
2025-03-31,79.63220727743203
2025-04-01,79.74641281716939
2025-04-02,79.67901794458344
2025-04-03,80.32947660373831
2025-04-04,79.18616873757658
2025-04-05,79.11924733554595
2025-04-06,79.05238248978166
2025-04-07,78.50493130576393
2025-04-08,78.03249483753335
2025-04-09,78.51708616532504
2025-04-10,78.8212075992581
2025-04-11,79.24716592523228
2025-04-12,79.18019297357645
2025-04-13,79.11327662175236
2025-04-14,87.94605281502899
2025-04-15,87.75049415025184
2025-04-16,83.24201803446985
2025-04-17,83.17166897422945
2025-04-18,83.10137936702006
2025-04-19,83.03114916259698
2025-04-20,82.96097831075807
2025-04-21,80.46677270267647
2025-04-22,81.3687427409666
2025-04-23,85.39346775284123
2025-04-24,86.54504257883838
2025-04-25,86.14605733055015
2025-04-26,86.0732540237621
2025-04-27,86.00051224412509
2025-04-28,86.67759824381834
2025-04-29,85.81312437928199
2025-04-30,85.84390521863588
2025-05-01,85.80836301986855
2025-05-02,85.77290432499719
2025-05-03,85.73746028276567
2025-05-04,85.70203088711914
2025-05-05,87.75345575644599
2025-05-06,87.46967799062614
2025-05-07,82.0364415452157
2025-05-08,81.32660339341002
2025-05-09,83.11156824842357
2025-05-10,83.0772239533562
2025-05-11,83.04289385042392
2025-05-12,82.21675044437895
2025-05-13,82.31089187666211
2025-05-14,82.74313887016224
2025-05-15,82.8578179697714
2025-05-16,83.04855437215288
2025-05-17,83.01423611638671
2025-05-18,82.97993204199541
2025-05-19,83.17750071819373
2025-05-20,83.20636441091138
2025-05-21,83.63178230420293
2025-05-22,82.95671821942537
2025-05-23,82.70266540492318
2025-05-24,82.66849008127828
2025-05-25,82.6343288799442
2025-05-26,83.33392000435414
2025-05-27,84.19935102568874
2025-05-28,84.1636745419994
2025-05-29,86.15160187188839
2025-05-30,86.11248245339182
2025-05-31,86.0768980868747
2025-06-01,86.03989321822466
2025-06-02,85.68027987463314
2025-06-03,86.14487540914129
2025-06-04,86.32365664046992
2025-06-05,86.98759127249517
2025-06-06,86.44188103354085
2025-06-07,86.40471925698287
2025-06-08,86.36757345644972
2025-06-09,86.42080447878779
2025-06-10,86.62878584793717
2025-06-11,86.4741753560921
2025-06-12,86.77307282214957
2025-06-13,86.41996139796956
2025-06-14,86.38280904476737
2025-06-15,86.34567266353885
2025-06-16,86.30855224741758
2025-06-17,84.72146206134487
2025-06-18,83.49079136924888
2025-06-19,84.79728423482294
2025-06-20,84.76082947826534
2025-06-21,84.72439039378133
2025-06-22,84.68796697463334
2025-06-23,85.37105284515624
2025-06-24,85.82140235543437
2025-06-25,86.82489549141327
2025-06-26,87.08773346674408
2025-06-27,87.01854757535614
2025-06-28,86.98113788710398
2025-06-29,86.94374428145505
2025-06-30,88.49202460921201
2025-07-01,89.58913183345066
2025-07-02,90.2542005734818
2025-07-03,90.3275248442554
2025-07-04,91.01586724882334
2025-07-05,90.98034933520486
2025-07-06,90.9448452820508
2025-07-07,92.1400217674449
2025-07-08,91.61242621363111
2025-07-09,91.57667549961836
2025-07-10,90.89840969814567
2025-07-11,91.34053902948746
2025-07-12,91.30489441637573
2025-07-13,91.26926371317143
2025-07-14,92.35550790372035
2025-07-15,90.71377212916343
2025-07-16,90.9996289665697
2025-07-17,91.74956240066075
2025-07-18,92.56320734330649
2025-07-19,92.52708559770272
2025-07-20,92.49097794820199
2025-07-21,91.89983911178776
2025-07-22,90.6256454033254
2025-07-23,91.04791137221848
2025-07-24,91.95551611489991
2025-07-25,92.16347619993167
2025-07-26,92.12751044488921
2025-07-27,92.0915587250762
2025-07-28,92.6431580891341
2025-07-29,92.40353340333509
2025-07-30,93.7271952546406
2025-07-31,97.73536684908987
2025-08-01,97.47925045849163
2025-08-02,97.42856846593179
2025-08-03,97.3779128242554
2025-08-04,97.37118462534951
2025-08-05,95.86389663024454
2025-08-06,95.70007678646971
2025-08-07,95.26491844358087
2025-08-08,95.4176207364274
2025-08-09,95.3680106386733
2025-08-10,95.31842633449672
2025-08-11,94.75180566112901
2025-08-12,94.84909610872322
2025-08-13,94.53608132511113
2025-08-14,93.24265078124306
2025-08-15,93.19417150682384
2025-08-16,93.14571743803778
2025-08-17,93.09728856177976
2025-08-18,92.51303166713669
2025-08-19,92.14134358446273
2025-08-20,92.8057944220307
2025-08-21,93.60736078685056
2025-08-22,94.59374078742728
2025-08-23,94.54455904624393
2025-08-24,94.4954028759244
2025-08-25,97.32210607544789
2025-08-26,96.70626231154166
2025-08-27,96.23419481198219
2025-08-28,95.2434051964784
2025-08-29,95.71730444378387
2025-08-30,95.6675385326915
2025-08-31,95.61779849618806
2025-09-01,97.54824121707011
2025-09-02,96.47858455826949
2025-09-03,96.45027580235944
2025-09-04,96.41065377621797
2025-09-05,96.32021935581517
2025-09-06,96.24249853869362
2025-09-07,96.16484043452529
2025-09-08,99.77434180223996
2025-09-09,100.17435637006801
2025-09-10,100.80778581513334
2025-09-11,101.55014307246668
2025-09-12,103.13992419721781
2025-09-13,103.05670055798531
2025-09-14,102.97354407193504
2025-09-15,104.20051348738113
2025-09-16,104.59136139568498
2025-09-17,104.97701581140943
2025-09-18,104.63698225179343
2025-09-19,104.3397592122629
2025-09-20,104.2555674257566
2025-09-21,104.17144357363091
2025-09-22,99.36190274204851
2025-09-23,96.86098223989661
2025-09-24,94.14008387419351
2025-09-25,93.68387308576163
2025-09-26,92.99711433489976
2025-09-27,92.92207493232786
2025-09-28,92.84709607907492
2025-09-29,95.3516109079817
2025-09-30,96.71881948067617
2025-10-01,99.55288114311197
2025-10-02,99.45342395955156
2025-10-03,99.43737949705206
2025-10-04,99.35655498941193
2025-10-05,99.27579617739919
2025-10-06,99.68887407776734
2025-10-07,99.28255391073134
2025-10-08,99.11466339457358
2025-10-09,98.13935541508204
2025-10-10,98.05958596498525
2025-10-11,97.97988135294594
2025-10-12,97.9002415262626
2025-10-13,92.50700689035546
2025-10-14,93.11834212840449
2025-10-15,94.54250532400184
2025-10-16,96.16302157242048
2025-10-17,99.53055251780782
2025-10-18,99.44965227744454
2025-10-19,99.36881779426565
2025-10-20,101.24345244845526
2025-10-21,102.06583847302912
2025-10-22,101.76294271610954
2025-10-23,101.15442096416044
2025-10-24,101.9438587285317
2025-10-25,101.86099690905952
2025-10-26,101.7782024411788
2025-10-27,97.97049456914391
2025-10-28,100.41674434905184
2025-10-29,98.07751009636144
2025-10-30,97.72466085651999
2025-10-31,97.9911002403288
2025-11-01,97.90687739076685
2025-11-02,97.82272693031342
2025-11-03,100.42834848779314
2025-11-04,98.07307583739806
2025-11-05,98.05500556644964
2025-11-06,97.9707277905867
2025-11-07,95.72239379254826
2025-11-08,95.64012088457676
2025-11-09,95.55791868974894
2025-11-10,96.02898737914937
2025-11-11,95.71544734647027
2025-11-12,95.46604533430606
2025-11-13,95.16314670662321
2025-11-14,94.83099189267942
2025-11-15,94.74948514008248
2025-11-16,94.66804844212265
2025-11-17,93.29374035706999
2025-11-18,93.96520101342976
2025-11-19,94.11983445328602
2025-11-20,95.29068019704334
2025-11-21,95.20877834469952
2025-11-22,95.12694688657896
2025-11-23,95.04518576217822
2025-11-24,94.96349491104581
2025-11-25,96.26161067236116
2025-11-26,96.90486643719312
2025-11-27,96.5340051015337
2025-11-28,96.65931978163773
2025-11-29,96.57624159056974
2025-11-30,96.49323480478212
2025-12-01,96.36631474994161
2025-12-02,96.62045218540406
2025-12-03,96.70870186939003
2025-12-04,96.01256666432776
2025-12-05,94.68426306154763
2025-12-06,94.61289743849896
2025-12-07,94.54158560529866
2025-12-08,94.47032752140413
2025-12-09,94.66722419241016
2025-12-10,94.18400766016117
2025-12-11,94.64404172513582
2025-12-12,94.94563698506968
2025-12-13,94.87407435871444
2025-12-14,94.80256567069331
2025-12-15,94.51632754843844
2025-12-16,95.04321434754178
2025-12-17,94.63490327674883
2025-12-18,94.566372447507
2025-12-19,94.33340500196988
2025-12-20,94.26230382840005
2025-12-21,94.19125624535718
2025-12-22,94.01528612151418
2025-12-23,94.20803230568208
2025-12-24,94.13702562828612
2025-12-25,94.06607247019326
2025-12-26,94.1763502262778
2025-12-27,94.10536742836577
2025-12-28,94.03443813175834
2025-12-29,93.97313543664643
2025-12-30,94.37435122577446
2025-12-31,94.30321919013022
2026-01-01,94.22061757647674
2026-01-02,95.75194880344527
2026-01-03,95.6680782256479
2026-01-04,95.58428111135605
2026-01-05,95.29658093398736
2026-01-06,95.19430942310281
2026-01-07,94.45347177431319
2026-01-08,94.64274463343412
2026-01-09,94.71003437026279
2026-01-10,94.6270764210502
2026-01-11,94.54419113595797
2026-01-12,94.71736279204197
2026-01-13,93.81612365360623
2026-01-14,93.49318248743822
2026-01-15,92.77190494919454
2026-01-16,91.87817246534337
2026-01-17,91.79769498673399
2026-01-18,91.71728799956334
2026-01-19,92.14780876696011
2026-01-20,92.12736947319713
2026-01-21,92.01499110965504
2026-01-22,92.13876045082043
2026-01-23,92.40531407078647
2026-01-24,92.32437486088514
2026-01-25,92.2435065468599
2026-01-26,92.77922090115052
2026-01-27,93.54616326692931
2026-01-28,93.5249476048327
2026-01-29,93.46294045808172
2026-01-30,93.06949889253318
2026-01-31,92.98797791311739
2026-02-01,92.93150027233517
2026-02-02,93.05729872095934
2026-02-03,92.93720666199823
2026-02-04,92.7579581703063
2026-02-05,92.3657838390604
2026-02-06,91.98371232283613
2026-02-07,91.92784463779795
2026-02-08,91.87201088483489
2026-02-09,91.11925427358403
2026-02-10,90.3713084038956
2026-02-11,90.06291154589098
2026-02-12,89.56485929171065
2026-02-13,89.68159485324554
2026-02-14,89.62712539372433
2026-02-15,89.57268901704496
2026-02-16,89.51828570311413
2026-02-17,89.46391543185064
2026-02-18,89.0208802022469
2026-02-19,88.41978415307577
2026-02-20,87.76264053543021
2026-02-21,87.70933658154824
2026-02-22,87.65606500262082
2026-02-23,87.44217609066165
2026-02-24,88.14756868148439
2026-02-25,89.4753745962881
2026-02-26,89.80671427935437
2026-02-27,89.17339426896316
2026-02-28,89.1192334726766
2026-03-01,89.02749322565577
2026-03-02,88.27015410640018
2026-03-03,88.52088398177284
2026-03-04,87.96789661521746
2026-03-05,87.8836965188562
2026-03-06,88.30696909188583
2026-03-07,88.2160877182213
2026-03-08,88.1252998753864
2026-03-09,88.26815401791445
2026-03-10,87.90287094602073
2026-03-11,87.2484210815464
2026-03-12,86.62466337929379
2026-03-13,86.26950004051011
2026-03-14,86.18071553403617
2026-03-15,86.09202240039487
2026-03-16,86.08298029572317
2026-03-17,86.50375583784313
2026-03-18,86.12799856221265
2026-03-19,85.9030042381256
2026-03-20,85.13954117778802
2026-03-21,85.05191957175879
2026-03-22,84.96438814175984
2026-03-23,84.87694679498624
2026-03-24,84.78959543872861
2026-03-25,84.4191927942449
2026-03-26,83.39902928700063
2026-03-27,84.1583267551944
2026-03-28,84.07171496883737
2026-03-29,83.9851923192518
2026-03-30,84.71123846429897
2026-03-31,84.16524696178288
2026-04-01,85.2021236175809
2026-04-02,85.14297037007478
2026-04-03,85.08385819087239
2026-04-04,85.02478705146126
2026-04-05,84.96575692334872
2026-04-06,84.76709131919877
2026-04-07,84.76060505945429
2026-04-08,85.07088902028184
2026-04-09,84.87453336551616
2026-04-10,84.3404973876826
2026-04-11,84.28194234110707
2026-04-12,84.22342794752254
2026-04-13,83.34019235493284
2026-04-14,84.10534249188947
2026-04-15,83.68588542725071
2026-04-16,83.50844488240996
2026-04-17,84.02077088897563
2026-04-18,83.9624378188006
2026-04-19,83.90414524750503
2026-04-20,84.60095876945834
2026-04-21,84.41471412583536
2026-04-22,84.44822237488087
2026-04-23,85.09940643808656
2026-04-24,85.38369687745335
2026-04-25,85.3244175691459
2026-04-26,85.26517941666232
2026-04-27,86.49424952239974
2026-04-28,85.55690512212192
2026-04-29,84.48931019732339
2026-04-30,84.74417494682439
2026-05-01,84.69698846832615
2026-05-02,84.64980280339869
2026-05-03,84.60264342614701
2026-05-04,85.13494210413658
2026-05-05,84.83733913053186
2026-05-06,84.66123192569084
2026-05-07,85.13658140255532
2026-05-08,85.38378551240481
2026-05-09,85.33621722495698
2026-05-10,85.28867543834832
2026-05-11,84.84031637876377
2026-05-12,84.22668176937086
2026-05-13,84.31191547754608
2026-05-14,84.02752582020713
2026-05-15,83.63038772715367
2026-05-16,83.58379627774784
2026-05-17,83.53723078497353
2026-05-18,84.00137638800093
2026-05-19,83.7466116415842
2026-05-20,83.8479725667573
2026-05-21,83.47277711930519
2026-05-22,84.08403142299731
2026-05-23,84.03718724347891
2026-05-24,83.99036916139089
2026-05-25,83.94357716219406
2026-05-26,84.39157250529205
2026-05-27,84.26241598955741
2026-05-28,84.30883177957652
2026-05-29,84.073726936123
2026-05-30,84.02688849735259
2026-05-31,83.9800761528143
2026-06-01,85.08951850299513
2026-06-02,85.09785083925709
2026-06-03,85.3331276727833
2026-06-04,85.28048820975486
2026-06-05,84.83739737137932
2026-06-06,84.78739441179658
2026-06-07,84.7374209238389
2026-06-08,84.81516436725248
2026-06-09,84.54513757938615
2026-06-10,84.03910406149116
2026-06-11,84.31250506281003
2026-06-12,84.36326613898268
2026-06-13,84.31354263121699
2026-06-14,84.26384843036813
2026-06-15,84.21418351916267
2026-06-16,84.66729823876645
2026-06-17,84.90015439943686
2026-06-18,84.63567951015712
2026-06-19,85.37519933448901
2026-06-20,85.32487939571241
2026-06-21,85.27458911538768
2026-06-22,85.13969788376876
2026-06-23,85.27055644700874
2026-06-24,85.4495104158953
2026-06-25,85.51648119898275
2026-06-26,85.50332312930652
2026-06-27,85.45292767467097
2026-06-28,85.40256192299614
2026-06-29,85.6637584026615
2026-06-30,85.68543808428113
2026-07-01,85.78637888987998
2026-07-02,85.73629951960079
2026-07-03,85.986087082443
2026-07-04,85.94372254716572
2026-07-05,85.901378884496
2026-07-06,85.84519103160004
2026-07-07,86.03201433454488
2026-07-08,85.65858320877102
2026-07-09,85.61638003156786
2026-07-10,85.57419764747259
2026-07-11,85.53203604624066
2026-07-12,85.48989521763262
2026-07-13,85.23306678021302
2026-07-14,84.9525128798973
2026-07-15,85.198597191745
2026-07-16,84.99703233160268
2026-07-17,85.00896763162403
2026-07-18,84.96708451389753
2026-07-19,84.92522203158866
2026-07-20,85.15783631238286
2026-07-21,84.99718088697372
2026-07-22,85.28633898910402
2026-07-23,85.32967600964669
2026-07-24,85.8479183067807
2026-07-25,85.80562184595792
2026-07-26,85.763346224203
2026-07-27,85.61286434159206
2026-07-28,85.59741387174495
2026-07-29,85.52274736958141
2026-07-30,85.53184185609558
2026-07-31,85.30976834379935
2026-08-01,85.27124455413785
2026-08-02,85.23273816087068
2026-08-03,85.64569935972867
2026-08-04,85.60847078432303
2026-08-05,85.63851892371659
2026-08-06,85.8125310301821
2026-08-07,85.9160140579402
2026-08-08,85.87721650264992
2026-08-09,85.87721650264992
2026-08-10,85.47936433229107
2026-08-11,84.99039813834756
2026-08-12,85.00821970876525
2026-08-13,84.92166192046479
2026-08-14,84.47043922234181
2026-08-15,84.43229445303353
2026-08-16,84.43229445303353
2026-08-17,84.43229445303353
2026-08-18,84.94361211373162
2026-08-19,85.47727370812295
2026-08-20,85.4255495236074
2026-08-21,85.75546132945226
2026-08-22,85.71673627581869
2026-08-23,85.71673627581869
2026-08-24,86.27206157447256
2026-08-25,86.40728072838674
2026-08-26,86.45855625801553
2026-08-27,86.27971106564702
2026-08-28,85.85370229891603
2026-08-29,85.81493288208097
2026-08-30,85.81493288208097
2026-08-31,85.83636265303267
2026-09-01,86.2425237340231
2026-09-02,86.31161402528397
2026-09-03,86.29681937900864
2026-09-04,86.1217970423371
2026-09-05,86.05716885747194
2026-09-06,85.99258917138897
2026-09-07,86.13806814661243
2026-09-08,86.36822746802432
2026-09-09,86.43770780005134
